term,reading,category,tags,short_def,definition,related_terms,legal_basis,importance,explanation
キャリオーバ・スートブロー,キャリオーバ・スートブロー,ボイラーの取扱いに関する知識,頻出テーマ,ボイラーの取扱いに関する知識で確認したい頻出テーマ。,キャリオーバ・スートブローは、2級ボイラー技士試験のボイラーの取扱いに関する知識で問われやすい学習テーマです。,ボイラーの取扱いに関する知識,,A,過去公表問題と実践演習で、キャリオーバ・スートブローに関する代表的な知識・用語・数値を確認しましょう。
ボイラーの取扱いに関する知識,ボイラーの取扱いに関する知識,ボイラーの取扱いに関する知識,頻出テーマ,ボイラーの取扱いに関する知識で確認したい頻出テーマ。,ボイラーの取扱いに関する知識は、2級ボイラー技士試験のボイラーの取扱いに関する知識で問われやすい学習テーマです。,ボイラーの取扱いに関する知識,,A,過去公表問題と実践演習で、ボイラーの取扱いに関する知識に関する代表的な知識・用語・数値を確認しましょう。
保存・停止・清掃,保存・停止・清掃,ボイラーの取扱いに関する知識,頻出テーマ,ボイラーの取扱いに関する知識で確認したい頻出テーマ。,保存・停止・清掃は、2級ボイラー技士試験のボイラーの取扱いに関する知識で問われやすい学習テーマです。,ボイラーの取扱いに関する知識,,A,過去公表問題と実践演習で、保存・停止・清掃に関する代表的な知識・用語・数値を確認しましょう。
吹出し・水管理,吹出し・水管理,ボイラーの取扱いに関する知識,頻出テーマ,ボイラーの取扱いに関する知識で確認したい頻出テーマ。,吹出し・水管理は、2級ボイラー技士試験のボイラーの取扱いに関する知識で問われやすい学習テーマです。,ボイラーの取扱いに関する知識,,A,過去公表問題と実践演習で、吹出し・水管理に関する代表的な知識・用語・数値を確認しましょう。
日常点検,日常点検,ボイラーの取扱いに関する知識,頻出テーマ,ボイラーの取扱いに関する知識で確認したい頻出テーマ。,日常点検は、2級ボイラー技士試験のボイラーの取扱いに関する知識で問われやすい学習テーマです。,ボイラーの取扱いに関する知識,,B,過去公表問題と実践演習で、日常点検に関する代表的な知識・用語・数値を確認しましょう。
水位・低水位,水位・低水位,ボイラーの取扱いに関する知識,頻出テーマ,ボイラーの取扱いに関する知識で確認したい頻出テーマ。,水位・低水位は、2級ボイラー技士試験のボイラーの取扱いに関する知識で問われやすい学習テーマです。,ボイラーの取扱いに関する知識,,A,過去公表問題と実践演習で、水位・低水位に関する代表的な知識・用語・数値を確認しましょう。
水処理・スケール・腐食,水処理・スケール・腐食,ボイラーの取扱いに関する知識,頻出テーマ,ボイラーの取扱いに関する知識で確認したい頻出テーマ。,水処理・スケール・腐食は、2級ボイラー技士試験のボイラーの取扱いに関する知識で問われやすい学習テーマです。,ボイラーの取扱いに関する知識,,A,過去公表問題と実践演習で、水処理・スケール・腐食に関する代表的な知識・用語・数値を確認しましょう。
点火・たき始め,点火・たき始め,ボイラーの取扱いに関する知識,頻出テーマ,ボイラーの取扱いに関する知識で確認したい頻出テーマ。,点火・たき始めは、2級ボイラー技士試験のボイラーの取扱いに関する知識で問われやすい学習テーマです。,ボイラーの取扱いに関する知識,,A,過去公表問題と実践演習で、点火・たき始めに関する代表的な知識・用語・数値を確認しましょう。
燃焼安全装置,燃焼安全装置,ボイラーの取扱いに関する知識,頻出テーマ,ボイラーの取扱いに関する知識で確認したい頻出テーマ。,燃焼安全装置は、2級ボイラー技士試験のボイラーの取扱いに関する知識で問われやすい学習テーマです。,ボイラーの取扱いに関する知識,,A,過去公表問題と実践演習で、燃焼安全装置に関する代表的な知識・用語・数値を確認しましょう。
異常時対応,異常時対応,ボイラーの取扱いに関する知識,頻出テーマ,ボイラーの取扱いに関する知識で確認したい頻出テーマ。,異常時対応は、2級ボイラー技士試験のボイラーの取扱いに関する知識で問われやすい学習テーマです。,ボイラーの取扱いに関する知識,,A,過去公表問題と実践演習で、異常時対応に関する代表的な知識・用語・数値を確認しましょう。
ボイラーの構造に関する知識,ボイラーの構造に関する知識,ボイラーの構造に関する知識,頻出テーマ,ボイラーの構造に関する知識で確認したい頻出テーマ。,ボイラーの構造に関する知識は、2級ボイラー技士試験のボイラーの構造に関する知識で問われやすい学習テーマです。,ボイラーの構造に関する知識,,A,過去公表問題と実践演習で、ボイラーの構造に関する知識に関する代表的な知識・用語・数値を確認しましょう。
水循環・水管ボイラー,水循環・水管ボイラー,ボイラーの構造に関する知識,頻出テーマ,ボイラーの構造に関する知識で確認したい頻出テーマ。,水循環・水管ボイラーは、2級ボイラー技士試験のボイラーの構造に関する知識で問われやすい学習テーマです。,ボイラーの構造に関する知識,,A,過去公表問題と実践演習で、水循環・水管ボイラーに関する代表的な知識・用語・数値を確認しましょう。
炉筒煙管・貫流・鋳鉄製,炉筒煙管・貫流・鋳鉄製,ボイラーの構造に関する知識,頻出テーマ,ボイラーの構造に関する知識で確認したい頻出テーマ。,炉筒煙管・貫流・鋳鉄製は、2級ボイラー技士試験のボイラーの構造に関する知識で問われやすい学習テーマです。,ボイラーの構造に関する知識,,A,過去公表問題と実践演習で、炉筒煙管・貫流・鋳鉄製に関する代表的な知識・用語・数値を確認しましょう。
熱・蒸気・圧力,熱・蒸気・圧力,ボイラーの構造に関する知識,頻出テーマ,ボイラーの構造に関する知識で確認したい頻出テーマ。,熱・蒸気・圧力は、2級ボイラー技士試験のボイラーの構造に関する知識で問われやすい学習テーマです。,ボイラーの構造に関する知識,,A,過去公表問題と実践演習で、熱・蒸気・圧力に関する代表的な知識・用語・数値を確認しましょう。
燃焼室・伝熱面,燃焼室・伝熱面,ボイラーの構造に関する知識,頻出テーマ,ボイラーの構造に関する知識で確認したい頻出テーマ。,燃焼室・伝熱面は、2級ボイラー技士試験のボイラーの構造に関する知識で問われやすい学習テーマです。,ボイラーの構造に関する知識,,A,過去公表問題と実践演習で、燃焼室・伝熱面に関する代表的な知識・用語・数値を確認しましょう。
給水・節炭器・空気予熱器,給水・節炭器・空気予熱器,ボイラーの構造に関する知識,頻出テーマ,ボイラーの構造に関する知識で確認したい頻出テーマ。,給水・節炭器・空気予熱器は、2級ボイラー技士試験のボイラーの構造に関する知識で問われやすい学習テーマです。,ボイラーの構造に関する知識,,A,過去公表問題と実践演習で、給水・節炭器・空気予熱器に関する代表的な知識・用語・数値を確認しましょう。
自動制御・燃焼安全装置,自動制御・燃焼安全装置,ボイラーの構造に関する知識,頻出テーマ,ボイラーの構造に関する知識で確認したい頻出テーマ。,自動制御・燃焼安全装置は、2級ボイラー技士試験のボイラーの構造に関する知識で問われやすい学習テーマです。,ボイラーの構造に関する知識,,A,過去公表問題と実践演習で、自動制御・燃焼安全装置に関する代表的な知識・用語・数値を確認しましょう。
附属品・計測器,附属品・計測器,ボイラーの構造に関する知識,頻出テーマ,ボイラーの構造に関する知識で確認したい頻出テーマ。,附属品・計測器は、2級ボイラー技士試験のボイラーの構造に関する知識で問われやすい学習テーマです。,ボイラーの構造に関する知識,,A,過去公表問題と実践演習で、附属品・計測器に関する代表的な知識・用語・数値を確認しましょう。
気体燃料・燃焼方式,気体燃料・燃焼方式,燃料及び燃焼に関する知識,頻出テーマ,燃料及び燃焼に関する知識で確認したい頻出テーマ。,気体燃料・燃焼方式は、2級ボイラー技士試験の燃料及び燃焼に関する知識で問われやすい学習テーマです。,燃料及び燃焼に関する知識,,A,過去公表問題と実践演習で、気体燃料・燃焼方式に関する代表的な知識・用語・数値を確認しましょう。
油バーナ,油バーナ,燃料及び燃焼に関する知識,頻出テーマ,燃料及び燃焼に関する知識で確認したい頻出テーマ。,油バーナは、2級ボイラー技士試験の燃料及び燃焼に関する知識で問われやすい学習テーマです。,燃料及び燃焼に関する知識,,A,過去公表問題と実践演習で、油バーナに関する代表的な知識・用語・数値を確認しましょう。
燃料及び燃焼に関する知識,燃料及び燃焼に関する知識,燃料及び燃焼に関する知識,頻出テーマ,燃料及び燃焼に関する知識で確認したい頻出テーマ。,燃料及び燃焼に関する知識は、2級ボイラー技士試験の燃料及び燃焼に関する知識で問われやすい学習テーマです。,燃料及び燃焼に関する知識,,A,過去公表問題と実践演習で、燃料及び燃焼に関する知識に関する代表的な知識・用語・数値を確認しましょう。
燃料性質・発熱量,燃料性質・発熱量,燃料及び燃焼に関する知識,頻出テーマ,燃料及び燃焼に関する知識で確認したい頻出テーマ。,燃料性質・発熱量は、2級ボイラー技士試験の燃料及び燃焼に関する知識で問われやすい学習テーマです。,燃料及び燃焼に関する知識,,A,過去公表問題と実践演習で、燃料性質・発熱量に関する代表的な知識・用語・数値を確認しましょう。
燃焼計算・燃焼管理,燃焼計算・燃焼管理,燃料及び燃焼に関する知識,頻出テーマ,燃料及び燃焼に関する知識で確認したい頻出テーマ。,燃焼計算・燃焼管理は、2級ボイラー技士試験の燃料及び燃焼に関する知識で問われやすい学習テーマです。,燃料及び燃焼に関する知識,,A,過去公表問題と実践演習で、燃焼計算・燃焼管理に関する代表的な知識・用語・数値を確認しましょう。
空気比・NOx・熱損失,空気比・NOx・熱損失,燃料及び燃焼に関する知識,頻出テーマ,燃料及び燃焼に関する知識で確認したい頻出テーマ。,空気比・NOx・熱損失は、2級ボイラー技士試験の燃料及び燃焼に関する知識で問われやすい学習テーマです。,燃料及び燃焼に関する知識,,A,過去公表問題と実践演習で、空気比・NOx・熱損失に関する代表的な知識・用語・数値を確認しましょう。
通風・ファン,通風・ファン,燃料及び燃焼に関する知識,頻出テーマ,燃料及び燃焼に関する知識で確認したい頻出テーマ。,通風・ファンは、2級ボイラー技士試験の燃料及び燃焼に関する知識で問われやすい学習テーマです。,燃料及び燃焼に関する知識,,A,過去公表問題と実践演習で、通風・ファンに関する代表的な知識・用語・数値を確認しましょう。
重油・低温腐食,重油・低温腐食,燃料及び燃焼に関する知識,頻出テーマ,燃料及び燃焼に関する知識で確認したい頻出テーマ。,重油・低温腐食は、2級ボイラー技士試験の燃料及び燃焼に関する知識で問われやすい学習テーマです。,燃料及び燃焼に関する知識,,A,過去公表問題と実践演習で、重油・低温腐食に関する代表的な知識・用語・数値を確認しましょう。
伝熱面積・ボイラー種別,伝熱面積・ボイラー種別,関係法令,頻出テーマ,関係法令で確認したい頻出テーマ。,伝熱面積・ボイラー種別は、2級ボイラー技士試験の関係法令で問われやすい学習テーマです。,関係法令,,A,過去公表問題と実践演習で、伝熱面積・ボイラー種別に関する代表的な知識・用語・数値を確認しましょう。
作業主任者・取扱資格,作業主任者・取扱資格,関係法令,頻出テーマ,関係法令で確認したい頻出テーマ。,作業主任者・取扱資格は、2級ボイラー技士試験の関係法令で問われやすい学習テーマです。,関係法令,,A,過去公表問題と実践演習で、作業主任者・取扱資格に関する代表的な知識・用語・数値を確認しましょう。
変更・休止・廃止,変更・休止・廃止,関係法令,頻出テーマ,関係法令で確認したい頻出テーマ。,変更・休止・廃止は、2級ボイラー技士試験の関係法令で問われやすい学習テーマです。,関係法令,,B,過去公表問題と実践演習で、変更・休止・廃止に関する代表的な知識・用語・数値を確認しましょう。
定期自主検査・変更届,定期自主検査・変更届,関係法令,頻出テーマ,関係法令で確認したい頻出テーマ。,定期自主検査・変更届は、2級ボイラー技士試験の関係法令で問われやすい学習テーマです。,関係法令,,A,過去公表問題と実践演習で、定期自主検査・変更届に関する代表的な知識・用語・数値を確認しましょう。
検査・検査証,検査・検査証,関係法令,頻出テーマ,関係法令で確認したい頻出テーマ。,検査・検査証は、2級ボイラー技士試験の関係法令で問われやすい学習テーマです。,関係法令,,A,過去公表問題と実践演習で、検査・検査証に関する代表的な知識・用語・数値を確認しましょう。
法令総合,法令総合,関係法令,頻出テーマ,関係法令で確認したい頻出テーマ。,法令総合は、2級ボイラー技士試験の関係法令で問われやすい学習テーマです。,関係法令,,A,過去公表問題と実践演習で、法令総合に関する代表的な知識・用語・数値を確認しましょう。
設置・ボイラー室,設置・ボイラー室,関係法令,頻出テーマ,関係法令で確認したい頻出テーマ。,設置・ボイラー室は、2級ボイラー技士試験の関係法令で問われやすい学習テーマです。,関係法令,,A,過去公表問題と実践演習で、設置・ボイラー室に関する代表的な知識・用語・数値を確認しましょう。
関係法令,関係法令,関係法令,頻出テーマ,関係法令で確認したい頻出テーマ。,関係法令は、2級ボイラー技士試験の関係法令で問われやすい学習テーマです。,関係法令,,A,過去公表問題と実践演習で、関係法令に関する代表的な知識・用語・数値を確認しましょう。
附属品・安全弁・圧力計,附属品・安全弁・圧力計,関係法令,頻出テーマ,関係法令で確認したい頻出テーマ。,附属品・安全弁・圧力計は、2級ボイラー技士試験の関係法令で問われやすい学習テーマです。,関係法令,,A,過去公表問題と実践演習で、附属品・安全弁・圧力計に関する代表的な知識・用語・数値を確認しましょう。
安全弁,あんぜんべん,ボイラーの構造に関する知識,重要用語;頻出用語,圧力が所定値を超えたとき蒸気を逃がす安全装置。,ボイラー内の圧力が異常に上昇した場合に自動的に蒸気を放出し、過圧による危険を防ぐための附属品。,逃がし弁;最高使用圧力;吹出し圧力,,A,安全弁は選択肢で言い換えられやすい用語です。意味だけでなく、関連する装置・障害・法令上の扱いとセットで確認しましょう。
圧力計,あつりょくけい,ボイラーの構造に関する知識,重要用語;頻出用語,ボイラー内の蒸気圧力を確認する計器。,運転中の圧力を読み取り、過圧や異常な圧力変動を監視するための計測器。目盛範囲や取付け位置も問われやすい。,安全弁;最高使用圧力;連成計,,A,圧力計は選択肢で言い換えられやすい用語です。意味だけでなく、関連する装置・障害・法令上の扱いとセットで確認しましょう。
水面計,すいめんけい,ボイラーの構造に関する知識,重要用語;頻出用語,ボイラー水位を直接確認する重要計器。,胴内の水位を確認するための附属品。詰まりや吹出し、複数設置の趣旨が取扱い問題でも頻出。,低水位;水位;吹出し,,A,水面計は選択肢で言い換えられやすい用語です。意味だけでなく、関連する装置・障害・法令上の扱いとセットで確認しましょう。
給水ポンプ,きゅうすいぽんぷ,ボイラーの構造に関する知識,重要用語;頻出用語,ボイラーへ給水を送るポンプ。,ボイラーに必要な水を圧送する装置。キャビテーション、逆止め弁、給水系統の役割とあわせて整理する。,給水逆止め弁;キャビテーション;インゼクタ,,A,給水ポンプは選択肢で言い換えられやすい用語です。意味だけでなく、関連する装置・障害・法令上の扱いとセットで確認しましょう。
給水逆止め弁,きゅうすいぎゃくどめべん,ボイラーの構造に関する知識,重要用語;頻出用語,ボイラー水や蒸気の逆流を防ぐ弁。,給水管系統に設け、ボイラー側から給水側への逆流を防止する弁。給水弁との違いも確認したい。,給水弁;給水ポンプ,,A,給水逆止め弁は選択肢で言い換えられやすい用語です。意味だけでなく、関連する装置・障害・法令上の扱いとセットで確認しましょう。
蒸気止め弁,じょうきどめべん,ボイラーの構造に関する知識,重要用語;頻出用語,ボイラーからの蒸気送出を開閉する弁。,主蒸気管へ蒸気を送る経路に設ける弁。運転開始・停止時の操作や配管保護と関連して出題されやすい。,主蒸気管;ウォータハンマ,,A,蒸気止め弁は選択肢で言い換えられやすい用語です。意味だけでなく、関連する装置・障害・法令上の扱いとセットで確認しましょう。
水管ボイラー,すいかんぼいらー,ボイラーの構造に関する知識,重要用語;頻出用語,水管内の水を外側の燃焼ガスで加熱するボイラー。,多数の水管内を流れる水を加熱して蒸気を発生させる形式。高圧・大容量に適しやすい点が特徴。,丸ボイラー;貫流ボイラー;水循環,,A,水管ボイラーは選択肢で言い換えられやすい用語です。意味だけでなく、関連する装置・障害・法令上の扱いとセットで確認しましょう。
炉筒煙管ボイラー,ろとうえんかんぼいらー,ボイラーの構造に関する知識,重要用語;頻出用語,胴内に炉筒や煙管を持つ丸ボイラー。,胴内の水を、炉筒や煙管を通る燃焼ガスで加熱するボイラー。構造・伝熱面積・保有水量の特徴が問われる。,丸ボイラー;煙管;伝熱面積,,A,炉筒煙管ボイラーは選択肢で言い換えられやすい用語です。意味だけでなく、関連する装置・障害・法令上の扱いとセットで確認しましょう。
貫流ボイラー,かんりゅうぼいらー,ボイラーの構造に関する知識,重要用語;頻出用語,給水が管内を一方向に流れて蒸気になるボイラー。,水が管内を連続的に流れながら加熱され、蒸気になる形式。保有水量が少なく、水質管理や法令上の区分に注意する。,水質管理;伝熱面積;小型ボイラー,,A,貫流ボイラーは選択肢で言い換えられやすい用語です。意味だけでなく、関連する装置・障害・法令上の扱いとセットで確認しましょう。
鋳鉄製ボイラー,ちゅうてつせいぼいらー,ボイラーの構造に関する知識,重要用語;頻出用語,鋳鉄製のセクションを組み合わせたボイラー。,鋳鉄製の部分を組み合わせて構成されるボイラー。低圧暖房用途などの特徴と制限が出題されやすい。,丸ボイラー;暖房用ボイラー,,A,鋳鉄製ボイラーは選択肢で言い換えられやすい用語です。意味だけでなく、関連する装置・障害・法令上の扱いとセットで確認しましょう。
燃焼室,ねんしょうしつ,ボイラーの構造に関する知識,重要用語;頻出用語,燃料を燃焼させる空間。,燃料と空気を混合・燃焼させ、熱を発生させる部分。火炎の安定、炉壁、伝熱面との関係を押さえる。,火炉;炉壁;バーナ,,A,燃焼室は選択肢で言い換えられやすい用語です。意味だけでなく、関連する装置・障害・法令上の扱いとセットで確認しましょう。
伝熱面,でんねつめん,ボイラーの構造に関する知識,重要用語;頻出用語,燃焼ガスの熱を水や蒸気へ伝える面。,燃焼ガスから受けた熱を水や蒸気へ移す面。構造問題だけでなく、法令上の伝熱面積にもつながる。,伝熱面積;接触伝熱面;燃焼室,,A,伝熱面は選択肢で言い換えられやすい用語です。意味だけでなく、関連する装置・障害・法令上の扱いとセットで確認しましょう。
節炭器,せったんき,ボイラーの構造に関する知識,重要用語;頻出用語,排ガス熱で給水を予熱する装置。,ボイラー排ガスの余熱を利用して給水を加熱し、熱効率を高める装置。水漏れや低温腐食にも注意。,給水;空気予熱器;熱効率,,A,節炭器は選択肢で言い換えられやすい用語です。意味だけでなく、関連する装置・障害・法令上の扱いとセットで確認しましょう。
空気予熱器,くうきよねつき,ボイラーの構造に関する知識,重要用語;頻出用語,排ガス熱で燃焼用空気を予熱する装置。,燃焼用空気を予熱して燃焼を改善し、ボイラー効率を上げる装置。排ガス温度や低温腐食と関連する。,節炭器;燃焼用空気;低温腐食,,A,空気予熱器は選択肢で言い換えられやすい用語です。意味だけでなく、関連する装置・障害・法令上の扱いとセットで確認しましょう。
キャビテーション,きゃびてーしょん,ボイラーの構造に関する知識,重要用語;頻出用語,ポンプ内で気泡が発生し損傷や騒音を招く現象。,給水ポンプの吸込み側圧力低下などで水が部分的に気化し、気泡の発生・崩壊により振動や損傷を起こす現象。,給水ポンプ;吸込み圧力,,A,キャビテーションは選択肢で言い換えられやすい用語です。意味だけでなく、関連する装置・障害・法令上の扱いとセットで確認しましょう。
インタロック,いんたろっく,ボイラーの構造に関する知識,重要用語;頻出用語,条件が満たされないと運転を進めない安全制御。,水位、燃料圧、送風、火炎検出など必要条件が満たされないと点火や燃焼を許可しない安全制御。,燃焼安全装置;シーケンス制御,,A,インタロックは選択肢で言い換えられやすい用語です。意味だけでなく、関連する装置・障害・法令上の扱いとセットで確認しましょう。
シーケンス制御,しーけんすせいぎょ,ボイラーの構造に関する知識,重要用語;頻出用語,点火・燃焼・停止を順序立てて行う制御。,あらかじめ決められた順序に従って送風、点火、燃料供給、停止などを行う制御方式。,インタロック;燃焼安全装置,,A,シーケンス制御は選択肢で言い換えられやすい用語です。意味だけでなく、関連する装置・障害・法令上の扱いとセットで確認しましょう。
火炎検出器,かえんけんしゅつき,ボイラーの構造に関する知識,重要用語;頻出用語,燃焼中の火炎有無を検出する装置。,火炎が消えた場合に燃料供給を止めるなど、燃焼安全装置の重要な検出部。失火時対応とセットで問われる。,燃焼安全装置;失火;燃料遮断,,A,火炎検出器は選択肢で言い換えられやすい用語です。意味だけでなく、関連する装置・障害・法令上の扱いとセットで確認しましょう。
低水位,ていすいい,ボイラーの取扱いに関する知識,重要用語;頻出用語,ボイラー水位が安全上必要な水位を下回る状態。,伝熱面の過熱や焼損につながる危険な状態。水位が確認できない場合の燃焼停止や原因確認が重要。,水面計;空だき;低水位警報,,A,低水位は選択肢で言い換えられやすい用語です。意味だけでなく、関連する装置・障害・法令上の扱いとセットで確認しましょう。
空だき,からだき,ボイラーの取扱いに関する知識,重要用語;頻出用語,水不足のまま加熱してしまう危険状態。,ボイラー内の水が不足した状態で燃焼を続けること。伝熱面の過熱・変形・破裂事故につながる。,低水位;水位;燃焼停止,,A,空だきは選択肢で言い換えられやすい用語です。意味だけでなく、関連する装置・障害・法令上の扱いとセットで確認しましょう。
吹出し,ふきだし,ボイラーの取扱いに関する知識,重要用語;頻出用語,ボイラー水や沈殿物を排出する操作。,ボイラー水の濃縮やスラッジを管理するため、底部などから水を排出する操作。水位変動に注意する。,ブロー;スラッジ;水管理,,A,吹出しは選択肢で言い換えられやすい用語です。意味だけでなく、関連する装置・障害・法令上の扱いとセットで確認しましょう。
スケール,すけーる,ボイラーの取扱いに関する知識,重要用語;頻出用語,水中成分が伝熱面に固着したもの。,硬度成分などが加熱面に付着した堆積物。伝熱を妨げ、過熱や効率低下の原因になる。,水処理;硬度;伝熱障害,,A,スケールは選択肢で言い換えられやすい用語です。意味だけでなく、関連する装置・障害・法令上の扱いとセットで確認しましょう。
スラッジ,すらっじ,ボイラーの取扱いに関する知識,重要用語;頻出用語,ボイラー水中に生じる沈殿物。,水処理で生じた沈殿物や不純物の集合。堆積すると伝熱障害や腐食の原因となるため吹出しで管理する。,吹出し;水処理;りん酸塩処理,,A,スラッジは選択肢で言い換えられやすい用語です。意味だけでなく、関連する装置・障害・法令上の扱いとセットで確認しましょう。
キャリオーバ,きゃりおーば,ボイラーの取扱いに関する知識,重要用語;頻出用語,ボイラー水分や不純物が蒸気に混入する現象。,蒸気中に水滴や不純物が運ばれ、配管・過熱器・機器に障害を起こす現象。高水位や濃縮にも注意する。,プライミング;フォーミング;蒸気の乾き度,,A,キャリオーバは選択肢で言い換えられやすい用語です。意味だけでなく、関連する装置・障害・法令上の扱いとセットで確認しましょう。
プライミング,ぷらいみんぐ,ボイラーの取扱いに関する知識,重要用語;頻出用語,水滴が蒸気とともに急に持ち出される現象。,急激な負荷変動や高水位などでボイラー水が蒸気とともに持ち出される現象。キャリオーバの原因になる。,キャリオーバ;高水位;負荷変動,,A,プライミングは選択肢で言い換えられやすい用語です。意味だけでなく、関連する装置・障害・法令上の扱いとセットで確認しましょう。
フォーミング,ふぉーみんぐ,ボイラーの取扱いに関する知識,重要用語;頻出用語,ボイラー水が泡立つ現象。,水中の不純物や油分などにより泡が発生し、水位誤認やキャリオーバの原因となる現象。,キャリオーバ;水質管理;油分,,A,フォーミングは選択肢で言い換えられやすい用語です。意味だけでなく、関連する装置・障害・法令上の扱いとセットで確認しましょう。
ウォータハンマ,うぉーたはんま,ボイラーの取扱いに関する知識,重要用語;頻出用語,配管内の水塊が衝撃を生む現象。,蒸気配管内の復水などが急に移動して衝撃音や配管損傷を起こす現象。暖管やドレン抜きと関連する。,ドレン;蒸気配管;暖管,,A,ウォータハンマは選択肢で言い換えられやすい用語です。意味だけでなく、関連する装置・障害・法令上の扱いとセットで確認しましょう。
ドレン,どれん,ボイラーの取扱いに関する知識,重要用語;頻出用語,蒸気が冷えて生じた凝縮水。,蒸気配管や機器内で蒸気が冷えてできる水。ウォータハンマ防止のため排出管理が重要。,ウォータハンマ;蒸気トラップ,,A,ドレンは選択肢で言い換えられやすい用語です。意味だけでなく、関連する装置・障害・法令上の扱いとセットで確認しましょう。
スートブロー,すーとぶろー,ボイラーの取扱いに関する知識,重要用語;頻出用語,伝熱面のすすを吹き払う操作。,蒸気や空気などで伝熱面に付着したすすを除去し、熱効率低下や排ガス温度上昇を防ぐ操作。,すす;伝熱面;排ガス温度,,A,スートブローは選択肢で言い換えられやすい用語です。意味だけでなく、関連する装置・障害・法令上の扱いとセットで確認しましょう。
たき始め,たきはじめ,ボイラーの取扱いに関する知識,重要用語;頻出用語,冷えたボイラーを運転開始する操作。,点火前点検、換気、燃料漏れ確認、ゆっくりした昇圧などが重要な運転開始手順。,点火;パージ;熱応力,,A,たき始めは選択肢で言い換えられやすい用語です。意味だけでなく、関連する装置・障害・法令上の扱いとセットで確認しましょう。
パージ,ぱーじ,ボイラーの取扱いに関する知識,重要用語;頻出用語,点火前後に炉内の可燃ガスを排出する換気操作。,炉内や煙道に残った可燃性ガスを送風で排出し、点火時の爆発を防ぐための操作。,点火;燃焼安全装置;失火,,A,パージは選択肢で言い換えられやすい用語です。意味だけでなく、関連する装置・障害・法令上の扱いとセットで確認しましょう。
満水保存,まんすいほぞん,ボイラーの取扱いに関する知識,重要用語;頻出用語,停止中にボイラーを水で満たして保存する方法。,長期停止時に水で満たして空気との接触を減らし、内部腐食を抑える保存方法。,乾燥保存;腐食;停止保存,,A,満水保存は選択肢で言い換えられやすい用語です。意味だけでなく、関連する装置・障害・法令上の扱いとセットで確認しましょう。
乾燥保存,かんそうほぞん,ボイラーの取扱いに関する知識,重要用語;頻出用語,停止中に内部を乾燥状態に保つ保存方法。,長期停止時に内部を乾燥させ、乾燥剤などで腐食を防ぐ保存方法。満水保存との使い分けが問われる。,満水保存;腐食;停止保存,,A,乾燥保存は選択肢で言い換えられやすい用語です。意味だけでなく、関連する装置・障害・法令上の扱いとセットで確認しましょう。
脱酸素剤,だつさんそざい,ボイラーの取扱いに関する知識,重要用語;頻出用語,給水中の溶存酸素を減らす薬剤。,溶存酸素による腐食を抑えるために用いられる水処理薬剤。給水処理・腐食防止と関連する。,溶存酸素;腐食;水処理,,A,脱酸素剤は選択肢で言い換えられやすい用語です。意味だけでなく、関連する装置・障害・法令上の扱いとセットで確認しましょう。
りん酸塩処理,りんさんえんしょり,ボイラーの取扱いに関する知識,重要用語;頻出用語,硬度成分をスラッジ化して処理する水処理。,ボイラー水中の硬度成分を処理し、軟らかいスラッジとして排出しやすくする処理。,スラッジ;硬度;吹出し,,A,りん酸塩処理は選択肢で言い換えられやすい用語です。意味だけでなく、関連する装置・障害・法令上の扱いとセットで確認しましょう。
苛性脆化,かせいぜいか,ボイラーの取扱いに関する知識,重要用語;頻出用語,濃アルカリと応力で金属が割れやすくなる現象。,高アルカリ濃縮部と引張応力が重なる箇所で割れを生じることがある障害。水質管理と関連する。,アルカリ腐食;水質管理;応力,,A,苛性脆化は選択肢で言い換えられやすい用語です。意味だけでなく、関連する装置・障害・法令上の扱いとセットで確認しましょう。
引火点,いんかてん,燃料及び燃焼に関する知識,重要用語;頻出用語,点火源で引火し得る可燃性蒸気を出す最低温度。,液体燃料が空気中で引火し得る蒸気を発生する最低温度。発火点との違いが頻出。,発火点;液体燃料;重油,,A,引火点は選択肢で言い換えられやすい用語です。意味だけでなく、関連する装置・障害・法令上の扱いとセットで確認しましょう。
発火点,はっかてん,燃料及び燃焼に関する知識,重要用語;頻出用語,点火源なしで燃え始める温度。,可燃物が外部の火源なしで自然に燃焼を開始する温度。引火点と混同しないようにする。,引火点;燃焼,,A,発火点は選択肢で言い換えられやすい用語です。意味だけでなく、関連する装置・障害・法令上の扱いとセットで確認しましょう。
発熱量,はつねつりょう,燃料及び燃焼に関する知識,重要用語;頻出用語,燃料が燃焼して発生する熱量。,燃料の性能を示す基本値。高発熱量・低発熱量、水素分や水分との関係が問われやすい。,高発熱量;低発熱量;燃料分析,,A,発熱量は選択肢で言い換えられやすい用語です。意味だけでなく、関連する装置・障害・法令上の扱いとセットで確認しましょう。
高発熱量,こうはつねつりょう,燃料及び燃焼に関する知識,重要用語;頻出用語,水蒸気の凝縮熱も含めた発熱量。,燃焼生成水の凝縮潜熱を含めて評価した発熱量。低発熱量との違いを整理する。,低発熱量;発熱量;水素,,A,高発熱量は選択肢で言い換えられやすい用語です。意味だけでなく、関連する装置・障害・法令上の扱いとセットで確認しましょう。
低発熱量,ていはつねつりょう,燃料及び燃焼に関する知識,重要用語;頻出用語,水蒸気の凝縮熱を含めない発熱量。,燃焼生成水の凝縮潜熱を差し引いた発熱量。実用上の燃焼計算で扱われることが多い。,高発熱量;発熱量;燃焼計算,,A,低発熱量は選択肢で言い換えられやすい用語です。意味だけでなく、関連する装置・障害・法令上の扱いとセットで確認しましょう。
空気比,くうきひ,燃料及び燃焼に関する知識,重要用語;頻出用語,実際空気量を理論空気量で割った比。,燃焼に供給した実際の空気量と理論空気量の比。大きすぎると排ガス熱損失、小さすぎると不完全燃焼につながる。,理論空気量;過剰空気;排ガス損失,,A,空気比は選択肢で言い換えられやすい用語です。意味だけでなく、関連する装置・障害・法令上の扱いとセットで確認しましょう。
理論空気量,りろんくうきりょう,燃料及び燃焼に関する知識,重要用語;頻出用語,完全燃焼に理論上必要な最小空気量。,燃料を完全燃焼させるために化学量論的に必要な空気量。空気比や燃焼計算の基礎になる。,空気比;完全燃焼;燃焼計算,,A,理論空気量は選択肢で言い換えられやすい用語です。意味だけでなく、関連する装置・障害・法令上の扱いとセットで確認しましょう。
不完全燃焼,ふかんぜんねんしょう,燃料及び燃焼に関する知識,重要用語;頻出用語,酸素不足などで燃料が完全に燃えない状態。,一酸化炭素やすす、未燃分が生じる燃焼状態。空気不足、混合不良、霧化不良などが原因になる。,黒煙;一酸化炭素;空気比,,A,不完全燃焼は選択肢で言い換えられやすい用語です。意味だけでなく、関連する装置・障害・法令上の扱いとセットで確認しましょう。
黒煙,こくえん,燃料及び燃焼に関する知識,重要用語;頻出用語,すすを含む黒い排煙。,不完全燃焼や霧化不良などで炭素分がすすとして排出される状態。燃焼調整の不良を示す。,不完全燃焼;すす;油バーナ,,A,黒煙は選択肢で言い換えられやすい用語です。意味だけでなく、関連する装置・障害・法令上の扱いとセットで確認しましょう。
低温腐食,ていおんふしょく,燃料及び燃焼に関する知識,重要用語;頻出用語,硫酸分などが低温部で凝縮して起こる腐食。,硫黄分を含む燃料の燃焼ガスが酸露点以下に冷え、硫酸分が凝縮して伝熱面などを腐食する現象。,酸露点;重油;空気予熱器,,A,低温腐食は選択肢で言い換えられやすい用語です。意味だけでなく、関連する装置・障害・法令上の扱いとセットで確認しましょう。
酸露点,さんろてん,燃料及び燃焼に関する知識,重要用語;頻出用語,硫酸蒸気などが凝縮し始める温度。,排ガス中の硫酸分が凝縮し始める温度。低温腐食を避けるため、排ガス温度管理と関連する。,低温腐食;硫黄分;排ガス温度,,A,酸露点は選択肢で言い換えられやすい用語です。意味だけでなく、関連する装置・障害・法令上の扱いとセットで確認しましょう。
NOx,のっくす,燃料及び燃焼に関する知識,重要用語;頻出用語,窒素酸化物の総称。,燃焼時の高温や空気中窒素などにより発生する窒素酸化物。環境対策や燃焼管理の文脈で出題される。,空気比;燃焼温度;排ガス,,A,NOxは選択肢で言い換えられやすい用語です。意味だけでなく、関連する装置・障害・法令上の扱いとセットで確認しましょう。
SOx,そっくす,燃料及び燃焼に関する知識,重要用語;頻出用語,硫黄酸化物の総称。,燃料中の硫黄分が燃焼して生じる酸化物。低温腐食や大気汚染と関連する。,硫黄分;低温腐食;重油,,A,SOxは選択肢で言い換えられやすい用語です。意味だけでなく、関連する装置・障害・法令上の扱いとセットで確認しましょう。
自然通風,しぜんつうふう,燃料及び燃焼に関する知識,重要用語;頻出用語,煙突の通風力で燃焼空気を供給・排気する方式。,煙突内外の温度差による浮力を利用して通風する方式。押込通風・誘引通風と比較される。,煙突;押込通風;誘引通風,,A,自然通風は選択肢で言い換えられやすい用語です。意味だけでなく、関連する装置・障害・法令上の扱いとセットで確認しましょう。
押込通風,おしこみつうふう,燃料及び燃焼に関する知識,重要用語;頻出用語,送風機で燃焼用空気を押し込む通風方式。,押込ファンで燃焼室へ空気を送り込む方式。炉内圧や誘引通風との違いを確認する。,送風機;誘引通風;平衡通風,,A,押込通風は選択肢で言い換えられやすい用語です。意味だけでなく、関連する装置・障害・法令上の扱いとセットで確認しましょう。
誘引通風,ゆういんつうふう,燃料及び燃焼に関する知識,重要用語;頻出用語,誘引ファンで燃焼ガスを引き出す通風方式。,煙道側から燃焼ガスを引き、燃焼室内を負圧寄りに保つ方式。押込通風と対比される。,誘引ファン;押込通風;平衡通風,,A,誘引通風は選択肢で言い換えられやすい用語です。意味だけでなく、関連する装置・障害・法令上の扱いとセットで確認しましょう。
平衡通風,へいこうつうふう,燃料及び燃焼に関する知識,重要用語;頻出用語,押込ファンと誘引ファンを併用する通風方式。,押込通風と誘引通風を組み合わせ、炉内圧を適切に保つ方式。大型ボイラーで問われやすい。,押込通風;誘引通風;炉内圧,,A,平衡通風は選択肢で言い換えられやすい用語です。意味だけでなく、関連する装置・障害・法令上の扱いとセットで確認しましょう。
最高使用圧力,さいこうしようあつりょく,関係法令,重要用語;頻出用語,使用できる最高の圧力。,ボイラーを安全に使用できるものとして定められた最高圧力。安全弁・検査・法令区分と結びつけて確認する。,安全弁;検査証;伝熱面積,,A,最高使用圧力は選択肢で言い換えられやすい用語です。意味だけでなく、関連する装置・障害・法令上の扱いとセットで確認しましょう。
伝熱面積,でんねつめんせき,関係法令,重要用語;頻出用語,法令区分や検査で基準となる伝熱面の面積。,ボイラーの種類や規模を判断する重要な基準。算入方法や貫流ボイラーの扱いが問われやすい。,ボイラー区分;貫流ボイラー;小型ボイラー,,A,伝熱面積は選択肢で言い換えられやすい用語です。意味だけでなく、関連する装置・障害・法令上の扱いとセットで確認しましょう。
ボイラー検査証,ぼいらーけんさしょう,関係法令,重要用語;頻出用語,ボイラーの検査に合格したことを示す証明。,使用検査などに合格したボイラーについて交付される証明。記載事項変更、再交付、有効期間が頻出。,使用検査;性能検査;変更届,,A,ボイラー検査証は選択肢で言い換えられやすい用語です。意味だけでなく、関連する装置・障害・法令上の扱いとセットで確認しましょう。
使用検査,しようけんさ,関係法令,重要用語;頻出用語,ボイラーを使用開始する前などに受ける検査。,設置後や輸入後など、使用開始にあたり必要となる検査。検査証交付と関連する。,ボイラー検査証;落成検査;設置届,,A,使用検査は選択肢で言い換えられやすい用語です。意味だけでなく、関連する装置・障害・法令上の扱いとセットで確認しましょう。
性能検査,せいのうけんさ,関係法令,重要用語;頻出用語,使用中のボイラーの性能・安全を確認する検査。,検査証の有効期間更新などに関係する検査。定期的な安全確認として出題されやすい。,ボイラー検査証;定期自主検査,,A,性能検査は選択肢で言い換えられやすい用語です。意味だけでなく、関連する装置・障害・法令上の扱いとセットで確認しましょう。
定期自主検査,ていきじしゅけんさ,関係法令,重要用語;頻出用語,事業者が定期的に行う自主的な点検検査。,ボイラーの安全な使用を継続するために、事業者が定期的に実施し記録する検査。,性能検査;点検記録;作業主任者,,A,定期自主検査は選択肢で言い換えられやすい用語です。意味だけでなく、関連する装置・障害・法令上の扱いとセットで確認しましょう。
ボイラー取扱作業主任者,ぼいらーとりあつかいさぎょうしゅにんしゃ,関係法令,重要用語;頻出用語,ボイラー取扱作業を指揮する法令上の主任者。,一定のボイラー取扱作業で選任され、圧力・水位・燃焼など安全な取扱いを管理する者。,作業主任者;取扱資格;免許,,A,ボイラー取扱作業主任者は選択肢で言い換えられやすい用語です。意味だけでなく、関連する装置・障害・法令上の扱いとセットで確認しましょう。
ボイラー技士免許,ぼいらーぎしめんきょ,関係法令,重要用語;頻出用語,ボイラー取扱いに関係する国家資格。,ボイラーの取扱いや作業主任者選任に関係する免許。1級・2級・特級などの区分と扱える範囲を確認する。,取扱資格;作業主任者,,A,ボイラー技士免許は選択肢で言い換えられやすい用語です。意味だけでなく、関連する装置・障害・法令上の扱いとセットで確認しましょう。
設置届,せっちとどけ,関係法令,重要用語;頻出用語,ボイラー設置時に必要となる届出。,一定のボイラーを設置する際に、図面や明細書などとともに行う届出。変更届とあわせて整理する。,変更届;ボイラー室;使用検査,,A,設置届は選択肢で言い換えられやすい用語です。意味だけでなく、関連する装置・障害・法令上の扱いとセットで確認しましょう。
変更届,へんこうとどけ,関係法令,重要用語;頻出用語,設置場所や構造などの変更時に必要となる届出。,ボイラーの構造、設置場所、所有者など一定の事項を変更する場合に必要となる手続。,設置届;検査証;休止届,,A,変更届は選択肢で言い換えられやすい用語です。意味だけでなく、関連する装置・障害・法令上の扱いとセットで確認しましょう。
休止届,きゅうしとどけ,関係法令,重要用語;頻出用語,ボイラーを一定期間休止する際の届出。,ボイラーを長期間使用しない場合の手続。再使用時の検査や検査証有効期間と関連する。,再使用;廃止届;検査証,,A,休止届は選択肢で言い換えられやすい用語です。意味だけでなく、関連する装置・障害・法令上の扱いとセットで確認しましょう。
廃止届,はいしとどけ,関係法令,重要用語;頻出用語,ボイラーを廃止した際の届出。,ボイラーを使用しなくなった場合に必要となる手続。検査証の返還などとあわせて問われる。,休止届;検査証;変更届,,A,廃止届は選択肢で言い換えられやすい用語です。意味だけでなく、関連する装置・障害・法令上の扱いとセットで確認しましょう。
ボイラー室,ぼいらーしつ,関係法令,重要用語;頻出用語,ボイラーを設置する室や区画。,出入口、通路、可燃物、換気、燃料配管など安全上の条件が問われる設置場所。,設置届;換気;可燃物,,A,ボイラー室は選択肢で言い換えられやすい用語です。意味だけでなく、関連する装置・障害・法令上の扱いとセットで確認しましょう。
小型ボイラー,こがたぼいらー,関係法令,重要用語;頻出用語,規模が小さいものとして扱われるボイラー区分。,伝熱面積や圧力など一定条件により区分されるボイラー。通常のボイラーとの法令上の扱いの違いに注意する。,伝熱面積;簡易ボイラー;貫流ボイラー,,A,小型ボイラーは選択肢で言い換えられやすい用語です。意味だけでなく、関連する装置・障害・法令上の扱いとセットで確認しましょう。
簡易ボイラー,かんいぼいらー,関係法令,重要用語;頻出用語,小規模で簡易な扱いとなるボイラー区分。,伝熱面積や圧力などの条件により、法令上簡易な扱いとなるボイラー。区分問題で頻出。,小型ボイラー;伝熱面積;最高使用圧力,,A,簡易ボイラーは選択肢で言い換えられやすい用語です。意味だけでなく、関連する装置・障害・法令上の扱いとセットで確認しましょう。
絶対圧力,ぜったいあつりょく,ボイラーの構造に関する知識,重要用語;頻出用語,完全真空を基準にした圧力。,大気圧を含め、完全真空をゼロとして表す圧力。ゲージ圧力との換算関係が頻出。,ゲージ圧力;大気圧;圧力計,,A,絶対圧力は、2級ボイラー技士試験で選択肢の正誤判断に直結しやすい用語です。定義、原因、関連装置、事故防止上の意味をセットで確認しましょう。
ゲージ圧力,げーじあつりょく,ボイラーの構造に関する知識,重要用語;頻出用語,大気圧を基準にした圧力計の表示圧力。,一般の圧力計に示される圧力で、大気圧との差として表される。絶対圧力との混同に注意する。,絶対圧力;圧力計;大気圧,,A,ゲージ圧力は、2級ボイラー技士試験で選択肢の正誤判断に直結しやすい用語です。定義、原因、関連装置、事故防止上の意味をセットで確認しましょう。
標準大気圧,ひょうじゅんたいきあつ,ボイラーの構造に関する知識,重要用語;頻出用語,基準として用いられる大気圧。,水銀柱760mmに相当する圧力として扱われる標準的な大気圧。圧力単位の換算問題で出やすい。,大気圧;絶対圧力;圧力単位,,A,標準大気圧は、2級ボイラー技士試験で選択肢の正誤判断に直結しやすい用語です。定義、原因、関連装置、事故防止上の意味をセットで確認しましょう。
飽和蒸気,ほうわじょうき,ボイラーの構造に関する知識,重要用語;頻出用語,飽和水と平衡状態にある蒸気。,ある圧力で沸騰水と共存する蒸気。圧力が変わると飽和温度も変わる点が重要。,乾き飽和蒸気;湿り蒸気;飽和温度,,A,飽和蒸気は、2級ボイラー技士試験で選択肢の正誤判断に直結しやすい用語です。定義、原因、関連装置、事故防止上の意味をセットで確認しましょう。
乾き飽和蒸気,かわきほうわじょうき,ボイラーの構造に関する知識,重要用語;頻出用語,水滴を含まない飽和蒸気。,飽和状態にありながら水分を含まない蒸気。湿り蒸気や過熱蒸気との違いが問われる。,飽和蒸気;湿り蒸気;乾き度,,A,乾き飽和蒸気は、2級ボイラー技士試験で選択肢の正誤判断に直結しやすい用語です。定義、原因、関連装置、事故防止上の意味をセットで確認しましょう。
湿り蒸気,しめりじょうき,ボイラーの構造に関する知識,重要用語;頻出用語,水滴を含む飽和蒸気。,蒸気中に水分が混じった状態。キャリオーバや乾き度の考え方と関連して出題される。,乾き飽和蒸気;乾き度;キャリオーバ,,A,湿り蒸気は、2級ボイラー技士試験で選択肢の正誤判断に直結しやすい用語です。定義、原因、関連装置、事故防止上の意味をセットで確認しましょう。
過熱蒸気,かねつじょうき,ボイラーの構造に関する知識,重要用語;頻出用語,飽和温度を超えて加熱された蒸気。,飽和蒸気をさらに加熱し、その圧力の飽和温度より高温になった蒸気。過熱器と関連する。,過熱器;飽和蒸気;蒸気温度,,A,過熱蒸気は、2級ボイラー技士試験で選択肢の正誤判断に直結しやすい用語です。定義、原因、関連装置、事故防止上の意味をセットで確認しましょう。
乾き度,かわきど,ボイラーの構造に関する知識,重要用語;頻出用語,湿り蒸気中に占める乾き蒸気の割合。,湿り蒸気のうち、乾いた蒸気成分がどれだけ含まれるかを示す値。蒸気品質の理解に関係する。,湿り蒸気;キャリオーバ;蒸気品質,,A,乾き度は、2級ボイラー技士試験で選択肢の正誤判断に直結しやすい用語です。定義、原因、関連装置、事故防止上の意味をセットで確認しましょう。
比体積,ひたいせき,ボイラーの構造に関する知識,重要用語;頻出用語,単位質量あたりの体積。,1kgあたりの体積を表す物性値。蒸気表や圧力・温度との関係で問われやすい。,蒸気表;密度;飽和蒸気,,A,比体積は、2級ボイラー技士試験で選択肢の正誤判断に直結しやすい用語です。定義、原因、関連装置、事故防止上の意味をセットで確認しましょう。
顕熱,けんねつ,ボイラーの構造に関する知識,重要用語;頻出用語,物質の温度変化に使われる熱。,水を沸点まで温めるなど、温度上昇として現れる熱。潜熱との違いを押さえる。,潜熱;比熱;蒸発熱,,A,顕熱は、2級ボイラー技士試験で選択肢の正誤判断に直結しやすい用語です。定義、原因、関連装置、事故防止上の意味をセットで確認しましょう。
潜熱,せんねつ,ボイラーの構造に関する知識,重要用語;頻出用語,状態変化に使われる熱。,水が蒸気になるときなど、温度変化ではなく状態変化に使われる熱。蒸発熱の理解に関係する。,顕熱;蒸発熱;飽和蒸気,,A,潜熱は、2級ボイラー技士試験で選択肢の正誤判断に直結しやすい用語です。定義、原因、関連装置、事故防止上の意味をセットで確認しましょう。
蒸発熱,じょうはつねつ,ボイラーの構造に関する知識,重要用語;頻出用語,水が蒸気になるために必要な熱。,飽和水が同じ圧力の飽和蒸気へ変わる際に必要な熱。ボイラーの熱計算の基礎になる。,潜熱;飽和水;飽和蒸気,,A,蒸発熱は、2級ボイラー技士試験で選択肢の正誤判断に直結しやすい用語です。定義、原因、関連装置、事故防止上の意味をセットで確認しましょう。
蒸気表,じょうきひょう,ボイラーの構造に関する知識,重要用語;頻出用語,蒸気や水の性質をまとめた表。,圧力、温度、比体積、エンタルピなどの性質を示す表。圧力表示が絶対圧力で扱われる点に注意する。,絶対圧力;比体積;飽和温度,,A,蒸気表は、2級ボイラー技士試験で選択肢の正誤判断に直結しやすい用語です。定義、原因、関連装置、事故防止上の意味をセットで確認しましょう。
ボイラー胴,ぼいらーどう,ボイラーの構造に関する知識,重要用語;頻出用語,水と蒸気を収める円筒状の主要部分。,丸ボイラーなどで水や蒸気を保持する主要部。水管、蒸気ドラム、伝熱面の理解とつながる。,蒸気ドラム;水ドラム;丸ボイラー,,A,ボイラー胴は、2級ボイラー技士試験で選択肢の正誤判断に直結しやすい用語です。定義、原因、関連装置、事故防止上の意味をセットで確認しましょう。
蒸気ドラム,じょうきどらむ,ボイラーの構造に関する知識,重要用語;頻出用語,蒸気と水を分離するドラム。,水管ボイラーなどで水と蒸気を分離し、水循環にも関係する部分。水面管理の理解に重要。,水ドラム;水循環;気水分離,,A,蒸気ドラムは、2級ボイラー技士試験で選択肢の正誤判断に直結しやすい用語です。定義、原因、関連装置、事故防止上の意味をセットで確認しましょう。
水ドラム,みずどらむ,ボイラーの構造に関する知識,重要用語;頻出用語,水管群へ水を分配・回収するドラム。,水管ボイラーで水循環の下部側に関係するドラム。蒸気ドラムとの役割の違いを確認する。,蒸気ドラム;水循環;水管ボイラー,,A,水ドラムは、2級ボイラー技士試験で選択肢の正誤判断に直結しやすい用語です。定義、原因、関連装置、事故防止上の意味をセットで確認しましょう。
下降管,かこうかん,ボイラーの構造に関する知識,重要用語;頻出用語,水を下方へ循環させる管。,水管ボイラーで比較的低温の水を下方へ導き、上昇管との密度差で自然循環を支える管。,上昇管;自然循環;水管ボイラー,,A,下降管は、2級ボイラー技士試験で選択肢の正誤判断に直結しやすい用語です。定義、原因、関連装置、事故防止上の意味をセットで確認しましょう。
上昇管,じょうしょうかん,ボイラーの構造に関する知識,重要用語;頻出用語,加熱された水や蒸気混合物が上昇する管。,加熱により密度が小さくなった水・蒸気混合物が上昇する管。水循環の仕組みで重要。,下降管;自然循環;水循環,,A,上昇管は、2級ボイラー技士試験で選択肢の正誤判断に直結しやすい用語です。定義、原因、関連装置、事故防止上の意味をセットで確認しましょう。
自然循環,しぜんじゅんかん,ボイラーの構造に関する知識,重要用語;頻出用語,密度差で水が循環する方式。,加熱部と非加熱部の密度差を利用してボイラー水を循環させる方式。循環不良による過熱に注意する。,下降管;上昇管;水管ボイラー,,A,自然循環は、2級ボイラー技士試験で選択肢の正誤判断に直結しやすい用語です。定義、原因、関連装置、事故防止上の意味をセットで確認しましょう。
気水分離,きすいぶんり,ボイラーの構造に関する知識,重要用語;頻出用語,蒸気と水を分けること。,発生した蒸気から水滴を分離し、乾いた蒸気を取り出す処理。キャリオーバ防止にも関係する。,蒸気ドラム;乾き度;キャリオーバ,,A,気水分離は、2級ボイラー技士試験で選択肢の正誤判断に直結しやすい用語です。定義、原因、関連装置、事故防止上の意味をセットで確認しましょう。
過熱器,かねつき,ボイラーの構造に関する知識,重要用語;頻出用語,飽和蒸気をさらに加熱する装置。,ボイラーで発生した飽和蒸気を過熱蒸気にする伝熱装置。キャリオーバによる障害も問われやすい。,過熱蒸気;キャリオーバ;伝熱面,,A,過熱器は、2級ボイラー技士試験で選択肢の正誤判断に直結しやすい用語です。定義、原因、関連装置、事故防止上の意味をセットで確認しましょう。
再熱器,さいねつき,ボイラーの構造に関する知識,重要用語;頻出用語,タービンで一部膨張した蒸気を再加熱する装置。,大規模設備で用いられる蒸気加熱装置。2級では頻度は高くないが、過熱器との区別で確認したい。,過熱器;過熱蒸気,,B,再熱器は、2級ボイラー技士試験で選択肢の正誤判断に直結しやすい用語です。定義、原因、関連装置、事故防止上の意味をセットで確認しましょう。
耐火材,たいかざい,ボイラーの構造に関する知識,重要用語;頻出用語,高温から炉壁や外壁を保護する材料。,燃焼室や炉壁に使われ、高温ガスから構造物を保護し熱損失も抑える材料。,炉壁;燃焼室;熱損失,,A,耐火材は、2級ボイラー技士試験で選択肢の正誤判断に直結しやすい用語です。定義、原因、関連装置、事故防止上の意味をセットで確認しましょう。
バーナ,ばーな,ボイラーの構造に関する知識,重要用語;頻出用語,燃料と空気を混合し燃焼させる装置。,液体燃料や気体燃料を燃焼に適した形で供給し、火炎を形成する装置。燃料種別ごとの違いも重要。,油バーナ;ガスバーナ;燃焼室,,A,バーナは、2級ボイラー技士試験で選択肢の正誤判断に直結しやすい用語です。定義、原因、関連装置、事故防止上の意味をセットで確認しましょう。
バーナタイル,ばーなたいる,ボイラーの構造に関する知識,重要用語;頻出用語,バーナ周囲で火炎安定に役立つ耐火部材。,燃焼室入口部で火炎を安定させ、炉壁を保護する耐火材。燃焼状態の安定と関連する。,バーナ;燃焼室;耐火材,,A,バーナタイルは、2級ボイラー技士試験で選択肢の正誤判断に直結しやすい用語です。定義、原因、関連装置、事故防止上の意味をセットで確認しましょう。
圧力制御器,あつりょくせいぎょき,ボイラーの構造に関する知識,重要用語;頻出用語,蒸気圧力に応じて燃焼を制御する機器。,蒸気圧力を検出し、燃焼量や燃焼の入切を制御する装置。過圧防止や自動制御で頻出。,圧力計;燃料遮断弁;自動制御,,A,圧力制御器は、2級ボイラー技士試験で選択肢の正誤判断に直結しやすい用語です。定義、原因、関連装置、事故防止上の意味をセットで確認しましょう。
水位制御器,すいいせいぎょき,ボイラーの構造に関する知識,重要用語;頻出用語,水位に応じて給水を制御する機器。,ボイラー水位を検出し、給水ポンプや給水弁を制御する装置。低水位防止と関係が深い。,水面計;給水ポンプ;低水位,,A,水位制御器は、2級ボイラー技士試験で選択肢の正誤判断に直結しやすい用語です。定義、原因、関連装置、事故防止上の意味をセットで確認しましょう。
低水位燃料遮断装置,ていすいいねんりょうしゃだんそうち,ボイラーの構造に関する知識,重要用語;頻出用語,低水位時に燃料供給を止める安全装置。,水位が危険な低さになった場合に燃料供給を遮断し、空だきを防ぐ安全装置。,低水位;燃料遮断弁;空だき,,A,低水位燃料遮断装置は、2級ボイラー技士試験で選択肢の正誤判断に直結しやすい用語です。定義、原因、関連装置、事故防止上の意味をセットで確認しましょう。
燃料遮断弁,ねんりょうしゃだんべん,ボイラーの構造に関する知識,重要用語;頻出用語,異常時に燃料供給を止める弁。,失火、低水位、過圧などの異常時に燃料供給を確実に停止する弁。フェールセーフの考え方も重要。,燃焼安全装置;火炎検出器;フェールセーフ,,A,燃料遮断弁は、2級ボイラー技士試験で選択肢の正誤判断に直結しやすい用語です。定義、原因、関連装置、事故防止上の意味をセットで確認しましょう。
フェールセーフ,ふぇーるせーふ,ボイラーの構造に関する知識,重要用語;頻出用語,故障時に安全側へ移る設計思想。,電源喪失や異常時に燃料遮断弁を閉じるなど、危険側ではなく安全側になるようにする考え方。,燃料遮断弁;インタロック;安全装置,,A,フェールセーフは、2級ボイラー技士試験で選択肢の正誤判断に直結しやすい用語です。定義、原因、関連装置、事故防止上の意味をセットで確認しましょう。
ブルドン管圧力計,ぶるどんかんあつりょくけい,ボイラーの構造に関する知識,重要用語;頻出用語,曲管の弾性変形で圧力を示す圧力計。,圧力により曲がった管が変形する性質を利用して圧力を表示する計器。圧力計の代表例。,圧力計;ゲージ圧力,,A,ブルドン管圧力計は、2級ボイラー技士試験で選択肢の正誤判断に直結しやすい用語です。定義、原因、関連装置、事故防止上の意味をセットで確認しましょう。
逃がし弁,にがしべん,ボイラーの構造に関する知識,重要用語;頻出用語,温水ボイラーなどで過圧を逃がす弁。,圧力上昇時に水や流体を逃がし、過圧を防ぐための安全装置。安全弁との関係で出題される。,安全弁;温水ボイラー;最高使用圧力,,A,逃がし弁は、2級ボイラー技士試験で選択肢の正誤判断に直結しやすい用語です。定義、原因、関連装置、事故防止上の意味をセットで確認しましょう。
マンホール,まんほーる,ボイラーの構造に関する知識,重要用語;頻出用語,内部点検や清掃のための開口部。,ボイラー内部へ入って点検・清掃するための開口部。開放時は圧力・温度・換気の確認が重要。,掃除穴;点検;停止後作業,,A,マンホールは、2級ボイラー技士試験で選択肢の正誤判断に直結しやすい用語です。定義、原因、関連装置、事故防止上の意味をセットで確認しましょう。
掃除穴,そうじあな,ボイラーの構造に関する知識,重要用語;頻出用語,内部清掃や点検のための小開口。,スラッジやすすの清掃、内部確認のために設ける開口部。マンホールとの違いも確認する。,マンホール;清掃;スラッジ,,A,掃除穴は、2級ボイラー技士試験で選択肢の正誤判断に直結しやすい用語です。定義、原因、関連装置、事故防止上の意味をセットで確認しましょう。
電気伝導率,でんきでんどうりつ,ボイラーの取扱いに関する知識,重要用語;頻出用語,水中の溶解成分の多さを推定する指標。,ボイラー水の濃縮状態を推定するために用いられる値。連続吹出しや水質管理と関連する。,連続吹出し;溶解固形分;水質管理,,A,電気伝導率は、2級ボイラー技士試験で選択肢の正誤判断に直結しやすい用語です。定義、原因、関連装置、事故防止上の意味をセットで確認しましょう。
pH,ぴーえいち,ボイラーの取扱いに関する知識,重要用語;頻出用語,水の酸性・アルカリ性を示す指標。,ボイラー水や給水の腐食性を判断する基本指標。低すぎると腐食、高すぎるとアルカリ障害に注意する。,腐食;アルカリ腐食;水処理,,A,pHは、2級ボイラー技士試験で選択肢の正誤判断に直結しやすい用語です。定義、原因、関連装置、事故防止上の意味をセットで確認しましょう。
硬度,こうど,ボイラーの取扱いに関する知識,重要用語;頻出用語,水中のカルシウム・マグネシウムなどの量。,給水中の硬度成分はスケールの原因となる。軟化装置やりん酸塩処理と関連して頻出。,スケール;軟化装置;りん酸塩処理,,A,硬度は、2級ボイラー技士試験で選択肢の正誤判断に直結しやすい用語です。定義、原因、関連装置、事故防止上の意味をセットで確認しましょう。
軟化装置,なんかそうち,ボイラーの取扱いに関する知識,重要用語;頻出用語,給水中の硬度成分を減らす装置。,カルシウムやマグネシウムなどの硬度成分を除去・低減し、スケール発生を防ぐ装置。,硬度;スケール;水処理,,A,軟化装置は、2級ボイラー技士試験で選択肢の正誤判断に直結しやすい用語です。定義、原因、関連装置、事故防止上の意味をセットで確認しましょう。
溶解固形分,ようかいこけいぶん,ボイラーの取扱いに関する知識,重要用語;頻出用語,水に溶け込んでいる固形分。,ボイラー水の濃縮状態を示す要素。多すぎるとキャリオーバやスケールなどの原因になる。,電気伝導率;吹出し;キャリオーバ,,A,溶解固形分は、2級ボイラー技士試験で選択肢の正誤判断に直結しやすい用語です。定義、原因、関連装置、事故防止上の意味をセットで確認しましょう。
連続吹出し,れんぞくふきだし,ボイラーの取扱いに関する知識,重要用語;頻出用語,ボイラー水を少量ずつ連続排出する管理方法。,ボイラー水の濃度を安定させるため、運転中に少量の水を連続的に排出する操作。,電気伝導率;溶解固形分;吹出し,,A,連続吹出しは、2級ボイラー技士試験で選択肢の正誤判断に直結しやすい用語です。定義、原因、関連装置、事故防止上の意味をセットで確認しましょう。
間欠吹出し,かんけつふきだし,ボイラーの取扱いに関する知識,重要用語;頻出用語,一定間隔で行う吹出し操作。,底部のスラッジ排出や濃縮管理のため、必要なタイミングで実施する吹出し。水位低下に注意する。,吹出し;スラッジ;水位,,A,間欠吹出しは、2級ボイラー技士試験で選択肢の正誤判断に直結しやすい用語です。定義、原因、関連装置、事故防止上の意味をセットで確認しましょう。
吹出し弁,ふきだしべん,ボイラーの取扱いに関する知識,重要用語;頻出用語,吹出し操作に用いる弁。,ボイラー水やスラッジを排出するための弁。操作順序や閉止確認が安全上重要。,吹出し;間欠吹出し;スラッジ,,A,吹出し弁は、2級ボイラー技士試験で選択肢の正誤判断に直結しやすい用語です。定義、原因、関連装置、事故防止上の意味をセットで確認しましょう。
水面計の吹出し,すいめんけいのふきだし,ボイラーの取扱いに関する知識,重要用語;頻出用語,水面計の連絡管詰まりを確認・除去する操作。,水面計の蒸気側・水側の通路を確認し、正しい水位表示を保つための操作。低水位事故防止に直結する。,水面計;低水位;連絡管,,A,水面計の吹出しは、2級ボイラー技士試験で選択肢の正誤判断に直結しやすい用語です。定義、原因、関連装置、事故防止上の意味をセットで確認しましょう。
連絡管,れんらくかん,ボイラーの取扱いに関する知識,重要用語;頻出用語,水面計とボイラー本体をつなぐ管。,水面計の水側・蒸気側をボイラー本体とつなぐ管。詰まりにより水位誤表示が起こる。,水面計;水面計の吹出し;低水位,,A,連絡管は、2級ボイラー技士試験で選択肢の正誤判断に直結しやすい用語です。定義、原因、関連装置、事故防止上の意味をセットで確認しましょう。
溶存酸素,ようぞんさんそ,ボイラーの取扱いに関する知識,重要用語;頻出用語,水に溶け込んだ酸素。,給水中に含まれる酸素で、ボイラーや配管の腐食原因になる。脱酸素剤や脱気器と関連する。,脱酸素剤;腐食;給水処理,,A,溶存酸素は、2級ボイラー技士試験で選択肢の正誤判断に直結しやすい用語です。定義、原因、関連装置、事故防止上の意味をセットで確認しましょう。
脱気器,だっきき,ボイラーの取扱いに関する知識,重要用語;頻出用語,給水中の溶存酸素などを除く装置。,給水を加熱・減圧などして酸素や二酸化炭素を除去し、腐食を抑える装置。,溶存酸素;脱酸素剤;腐食,,A,脱気器は、2級ボイラー技士試験で選択肢の正誤判断に直結しやすい用語です。定義、原因、関連装置、事故防止上の意味をセットで確認しましょう。
酸腐食,さんふしょく,ボイラーの取扱いに関する知識,重要用語;頻出用語,酸性条件で金属が腐食する現象。,pH低下や酸性物質により金属が溶ける腐食。ボイラー水管理で避けるべき障害。,pH;腐食;水処理,,A,酸腐食は、2級ボイラー技士試験で選択肢の正誤判断に直結しやすい用語です。定義、原因、関連装置、事故防止上の意味をセットで確認しましょう。
アルカリ腐食,あるかりふしょく,ボイラーの取扱いに関する知識,重要用語;頻出用語,高アルカリ環境で起こる腐食。,アルカリ濃縮部などで金属が侵される障害。苛性脆化とあわせて整理する。,苛性脆化;pH;水質管理,,A,アルカリ腐食は、2級ボイラー技士試験で選択肢の正誤判断に直結しやすい用語です。定義、原因、関連装置、事故防止上の意味をセットで確認しましょう。
腐食疲労,ふしょくひろう,ボイラーの取扱いに関する知識,重要用語;頻出用語,腐食と繰返し応力で割れが進む現象。,腐食環境と圧力変動・熱応力などが重なってき裂が進展する障害。点検と水質管理が重要。,腐食;熱応力;点検,,A,腐食疲労は、2級ボイラー技士試験で選択肢の正誤判断に直結しやすい用語です。定義、原因、関連装置、事故防止上の意味をセットで確認しましょう。
熱応力,ねつおうりょく,ボイラーの取扱いに関する知識,重要用語;頻出用語,温度差や急加熱で生じる応力。,急激なたき上げや冷却により部材内の温度差が大きくなって発生する応力。漏れや損傷の原因になる。,たき始め;昇圧;腐食疲労,,A,熱応力は、2級ボイラー技士試験で選択肢の正誤判断に直結しやすい用語です。定義、原因、関連装置、事故防止上の意味をセットで確認しましょう。
逆火,ぎゃっか,ボイラーの取扱いに関する知識,重要用語;頻出用語,火炎がバーナ側へ戻る異常燃焼。,燃焼状態の乱れや点火不良などで火炎が逆方向へ戻る現象。燃料遮断と原因確認が必要。,燃料遮断弁;パージ;異常時対応,,A,逆火は、2級ボイラー技士試験で選択肢の正誤判断に直結しやすい用語です。定義、原因、関連装置、事故防止上の意味をセットで確認しましょう。
失火,しっか,ボイラーの取扱いに関する知識,重要用語;頻出用語,燃焼中の火炎が消えること。,燃焼中に火炎が失われる異常。火炎検出器が検出し、燃料遮断などの安全動作につながる。,火炎検出器;燃料遮断弁;再点火,,A,失火は、2級ボイラー技士試験で選択肢の正誤判断に直結しやすい用語です。定義、原因、関連装置、事故防止上の意味をセットで確認しましょう。
再点火,さいてんか,ボイラーの取扱いに関する知識,重要用語;頻出用語,失火後などに再び点火する操作。,失火や燃焼停止後に再び点火する操作。原因確認、パージ、燃料漏れ確認をせずに繰り返すのは危険。,失火;パージ;燃焼安全装置,,A,再点火は、2級ボイラー技士試験で選択肢の正誤判断に直結しやすい用語です。定義、原因、関連装置、事故防止上の意味をセットで確認しましょう。
プレパージ,ぷれぱーじ,ボイラーの取扱いに関する知識,重要用語;頻出用語,点火前に炉内を換気する操作。,点火前に送風して炉内や煙道の未燃ガスを排出する操作。爆発防止の基本手順。,パージ;点火;未燃ガス,,A,プレパージは、2級ボイラー技士試験で選択肢の正誤判断に直結しやすい用語です。定義、原因、関連装置、事故防止上の意味をセットで確認しましょう。
ポストパージ,ぽすとぱーじ,ボイラーの取扱いに関する知識,重要用語;頻出用語,燃焼停止後に炉内を換気する操作。,燃焼停止後に炉内や煙道に残る可燃性ガスを排出するための換気操作。,パージ;燃焼停止;未燃ガス,,A,ポストパージは、2級ボイラー技士試験で選択肢の正誤判断に直結しやすい用語です。定義、原因、関連装置、事故防止上の意味をセットで確認しましょう。
暖管,だんかん,ボイラーの取扱いに関する知識,重要用語;頻出用語,蒸気配管を徐々に温める操作。,蒸気を通す前に配管を徐々に温め、ドレンを排出してウォータハンマを防ぐ操作。,ドレン;ウォータハンマ;蒸気止め弁,,A,暖管は、2級ボイラー技士試験で選択肢の正誤判断に直結しやすい用語です。定義、原因、関連装置、事故防止上の意味をセットで確認しましょう。
蒸気トラップ,じょうきとらっぷ,ボイラーの取扱いに関する知識,重要用語;頻出用語,蒸気を逃がさずドレンを排出する機器。,蒸気配管や機器からドレンを自動排出し、蒸気損失やウォータハンマを防ぐ装置。,ドレン;ウォータハンマ;暖管,,A,蒸気トラップは、2級ボイラー技士試験で選択肢の正誤判断に直結しやすい用語です。定義、原因、関連装置、事故防止上の意味をセットで確認しましょう。
ストレーナ,すとれーな,ボイラーの取扱いに関する知識,重要用語;頻出用語,燃料や水中の異物をこし取る装置。,燃料配管や給水系統に設け、異物による弁・ポンプ・バーナの不具合を防ぐ装置。,燃料油ポンプ;油バーナ;給水系統,,A,ストレーナは、2級ボイラー技士試験で選択肢の正誤判断に直結しやすい用語です。定義、原因、関連装置、事故防止上の意味をセットで確認しましょう。
燃料漏れ,ねんりょうもれ,ボイラーの取扱いに関する知識,重要用語;頻出用語,燃料が配管や弁から漏れる異常。,点火前や運転中に特に注意する異常。漏れた燃料は火災・爆発につながるため、点検と遮断が重要。,点火;パージ;燃料遮断弁,,A,燃料漏れは、2級ボイラー技士試験で選択肢の正誤判断に直結しやすい用語です。定義、原因、関連装置、事故防止上の意味をセットで確認しましょう。
火炎の色,かえんのいろ,ボイラーの取扱いに関する知識,重要用語;頻出用語,燃焼状態を目視判断する手掛かり。,火炎の色・形・安定性は燃焼状態の確認に使われる。空気不足や過剰空気、霧化不良の兆候を見る。,燃焼管理;黒煙;不完全燃焼,,A,火炎の色は、2級ボイラー技士試験で選択肢の正誤判断に直結しやすい用語です。定義、原因、関連装置、事故防止上の意味をセットで確認しましょう。
排ガス温度,はいがすおんど,ボイラーの取扱いに関する知識,重要用語;頻出用語,煙道を出る燃焼ガスの温度。,伝熱状態やスート付着、空気比、熱損失を判断する手掛かり。高すぎる場合は効率低下に注意する。,スートブロー;熱損失;空気比,,A,排ガス温度は、2級ボイラー技士試験で選択肢の正誤判断に直結しやすい用語です。定義、原因、関連装置、事故防止上の意味をセットで確認しましょう。
粘度,ねんど,燃料及び燃焼に関する知識,重要用語;頻出用語,液体燃料の流れにくさ。,重油などの液体燃料の流動性を示す性質。加熱や霧化、ポンプ送油に関係する。,重油;油加熱器;霧化,,A,粘度は、2級ボイラー技士試験で選択肢の正誤判断に直結しやすい用語です。定義、原因、関連装置、事故防止上の意味をセットで確認しましょう。
密度,みつど,燃料及び燃焼に関する知識,重要用語;頻出用語,単位体積あたりの質量。,燃料の貯蔵量や流量換算に関係する基本性質。比体積との違いも確認する。,比体積;燃料性質,,A,密度は、2級ボイラー技士試験で選択肢の正誤判断に直結しやすい用語です。定義、原因、関連装置、事故防止上の意味をセットで確認しましょう。
硫黄分,いおうぶん,燃料及び燃焼に関する知識,重要用語;頻出用語,燃料に含まれる硫黄の成分。,燃焼によりSOxを生じ、低温腐食や大気汚染の原因になる。重油問題で頻出。,SOx;低温腐食;酸露点,,A,硫黄分は、2級ボイラー技士試験で選択肢の正誤判断に直結しやすい用語です。定義、原因、関連装置、事故防止上の意味をセットで確認しましょう。
灰分,かいぶん,燃料及び燃焼に関する知識,重要用語;頻出用語,燃焼後に残る無機質成分。,燃料に含まれる燃え残り成分。伝熱面への付着や清掃、燃焼管理と関連する。,すす;スートブロー;伝熱面,,A,灰分は、2級ボイラー技士試験で選択肢の正誤判断に直結しやすい用語です。定義、原因、関連装置、事故防止上の意味をセットで確認しましょう。
水分,すいぶん,燃料及び燃焼に関する知識,重要用語;頻出用語,燃料中に含まれる水。,燃料中の水分は発熱量や燃焼状態に影響する。低発熱量の理解とも関係する。,発熱量;低発熱量;燃料性質,,A,水分は、2級ボイラー技士試験で選択肢の正誤判断に直結しやすい用語です。定義、原因、関連装置、事故防止上の意味をセットで確認しましょう。
炭素,たんそ,燃料及び燃焼に関する知識,重要用語;頻出用語,燃料の主要な可燃成分。,燃焼して二酸化炭素を生じる主要成分。不完全燃焼ではすすや一酸化炭素に関係する。,二酸化炭素;黒煙;不完全燃焼,,A,炭素は、2級ボイラー技士試験で選択肢の正誤判断に直結しやすい用語です。定義、原因、関連装置、事故防止上の意味をセットで確認しましょう。
水素,すいそ,燃料及び燃焼に関する知識,重要用語;頻出用語,燃料中の可燃成分の一つ。,燃焼して水を生じる成分。高発熱量と低発熱量の差に関係する。,発熱量;高発熱量;低発熱量,,A,水素は、2級ボイラー技士試験で選択肢の正誤判断に直結しやすい用語です。定義、原因、関連装置、事故防止上の意味をセットで確認しましょう。
霧化,むか,燃料及び燃焼に関する知識,重要用語;頻出用語,液体燃料を細かい粒にすること。,重油などを細かい粒子にして空気と混合しやすくする操作。霧化不良は黒煙や未燃分の原因になる。,油バーナ;粘度;不完全燃焼,,A,霧化は、2級ボイラー技士試験で選択肢の正誤判断に直結しやすい用語です。定義、原因、関連装置、事故防止上の意味をセットで確認しましょう。
圧力噴霧式バーナ,あつりょくふんむしきばーな,燃料及び燃焼に関する知識,重要用語;頻出用語,燃料圧力で油を霧化するバーナ。,燃料油に圧力をかけノズルから噴射して霧化するバーナ。燃料圧力や戻り油量と関連する。,油バーナ;霧化;燃料圧力,,A,圧力噴霧式バーナは、2級ボイラー技士試験で選択肢の正誤判断に直結しやすい用語です。定義、原因、関連装置、事故防止上の意味をセットで確認しましょう。
蒸気噴霧式バーナ,じょうきふんむしきばーな,燃料及び燃焼に関する知識,重要用語;頻出用語,蒸気の力で油を霧化するバーナ。,蒸気を利用して燃料油を細かく霧化する方式のバーナ。霧化媒体の違いを確認する。,油バーナ;霧化;圧力噴霧式バーナ,,A,蒸気噴霧式バーナは、2級ボイラー技士試験で選択肢の正誤判断に直結しやすい用語です。定義、原因、関連装置、事故防止上の意味をセットで確認しましょう。
ロータリーバーナ,ろーたりーばーな,燃料及び燃焼に関する知識,重要用語;頻出用語,回転体で油を霧化するバーナ。,高速回転するカップなどで液体燃料を薄く広げ、遠心力で霧化するバーナ。,油バーナ;霧化,,A,ロータリーバーナは、2級ボイラー技士試験で選択肢の正誤判断に直結しやすい用語です。定義、原因、関連装置、事故防止上の意味をセットで確認しましょう。
油加熱器,あぶらかねつき,燃料及び燃焼に関する知識,重要用語;頻出用語,重油などを加熱して粘度を下げる装置。,液体燃料を加熱して流動性を高め、霧化しやすくする装置。加熱しすぎにも注意する。,粘度;重油;油バーナ,,A,油加熱器は、2級ボイラー技士試験で選択肢の正誤判断に直結しやすい用語です。定義、原因、関連装置、事故防止上の意味をセットで確認しましょう。
燃料油ポンプ,ねんりょうゆぽんぷ,燃料及び燃焼に関する知識,重要用語;頻出用語,燃料油をバーナへ送るポンプ。,燃料タンクからバーナへ必要な圧力・流量で燃料を送る装置。ストレーナ詰まりや油圧異常に注意する。,ストレーナ;油バーナ;燃料遮断弁,,A,燃料油ポンプは、2級ボイラー技士試験で選択肢の正誤判断に直結しやすい用語です。定義、原因、関連装置、事故防止上の意味をセットで確認しましょう。
ガスバーナ,がすばーな,燃料及び燃焼に関する知識,重要用語;頻出用語,気体燃料を燃焼させるバーナ。,都市ガスなどの気体燃料を空気と混合して燃焼させる装置。漏えい検知と燃焼管理が重要。,気体燃料;ガス圧;燃料漏れ,,A,ガスバーナは、2級ボイラー技士試験で選択肢の正誤判断に直結しやすい用語です。定義、原因、関連装置、事故防止上の意味をセットで確認しましょう。
都市ガス,としがす,燃料及び燃焼に関する知識,重要用語;頻出用語,配管で供給される代表的な気体燃料。,主にメタンを含む気体燃料。漏えい時に爆発性混合気を作るおそれがあり、換気と検知が重要。,メタン;気体燃料;ガスバーナ,,A,都市ガスは、2級ボイラー技士試験で選択肢の正誤判断に直結しやすい用語です。定義、原因、関連装置、事故防止上の意味をセットで確認しましょう。
メタン,めたん,燃料及び燃焼に関する知識,重要用語;頻出用語,都市ガスの主成分として扱われる気体燃料。,燃焼により二酸化炭素と水を生じる可燃性ガス。気体燃料の性質の代表として押さえる。,都市ガス;気体燃料;完全燃焼,,A,メタンは、2級ボイラー技士試験で選択肢の正誤判断に直結しやすい用語です。定義、原因、関連装置、事故防止上の意味をセットで確認しましょう。
爆発範囲,ばくはつはんい,燃料及び燃焼に関する知識,重要用語;頻出用語,空気中で燃焼・爆発し得る濃度範囲。,可燃性ガスや蒸気が空気と混合して爆発性をもつ濃度範囲。濃すぎても薄すぎても燃えにくい。,気体燃料;燃料漏れ;パージ,,A,爆発範囲は、2級ボイラー技士試験で選択肢の正誤判断に直結しやすい用語です。定義、原因、関連装置、事故防止上の意味をセットで確認しましょう。
完全燃焼,かんぜんねんしょう,燃料及び燃焼に関する知識,重要用語;頻出用語,燃料が十分な酸素で完全に酸化される燃焼。,炭素が二酸化炭素、水素が水になるように十分な空気と混合して燃える状態。不完全燃焼と対比する。,不完全燃焼;理論空気量;空気比,,A,完全燃焼は、2級ボイラー技士試験で選択肢の正誤判断に直結しやすい用語です。定義、原因、関連装置、事故防止上の意味をセットで確認しましょう。
一酸化炭素,いっさんかたんそ,燃料及び燃焼に関する知識,重要用語;頻出用語,不完全燃焼で生じやすい有毒ガス。,空気不足や混合不良などで発生しやすい無色無臭の有毒ガス。燃焼管理上の重要指標。,不完全燃焼;空気比;排ガス分析,,A,一酸化炭素は、2級ボイラー技士試験で選択肢の正誤判断に直結しやすい用語です。定義、原因、関連装置、事故防止上の意味をセットで確認しましょう。
二酸化炭素,にさんかたんそ,燃料及び燃焼に関する知識,重要用語;頻出用語,完全燃焼で生じる代表的な燃焼生成物。,燃料中の炭素が十分に酸化されて生じるガス。排ガス分析で燃焼状態の推定に使われる。,完全燃焼;排ガス分析;空気比,,A,二酸化炭素は、2級ボイラー技士試験で選択肢の正誤判断に直結しやすい用語です。定義、原因、関連装置、事故防止上の意味をセットで確認しましょう。
排ガス分析,はいがすぶんせき,燃料及び燃焼に関する知識,重要用語;頻出用語,排ガス成分から燃焼状態を確認すること。,O2、CO2、COなどを測定し、空気比や不完全燃焼の有無を判断する燃焼管理方法。,空気比;一酸化炭素;二酸化炭素,,A,排ガス分析は、2級ボイラー技士試験で選択肢の正誤判断に直結しやすい用語です。定義、原因、関連装置、事故防止上の意味をセットで確認しましょう。
排ガス熱損失,はいがすねつそんしつ,燃料及び燃焼に関する知識,重要用語;頻出用語,排ガスとして外へ逃げる熱の損失。,排ガス温度が高い、または過剰空気が多いほど大きくなりやすい熱損失。効率管理で重要。,排ガス温度;空気比;熱効率,,A,排ガス熱損失は、2級ボイラー技士試験で選択肢の正誤判断に直結しやすい用語です。定義、原因、関連装置、事故防止上の意味をセットで確認しましょう。
過剰空気,かじょうくうき,燃料及び燃焼に関する知識,重要用語;頻出用語,理論空気量を超えて供給される空気。,完全燃焼を確実にするために余分に供給する空気。ただし多すぎると排ガス熱損失が増える。,空気比;理論空気量;排ガス熱損失,,A,過剰空気は、2級ボイラー技士試験で選択肢の正誤判断に直結しやすい用語です。定義、原因、関連装置、事故防止上の意味をセットで確認しましょう。
三つのT,みっつのてぃー,燃料及び燃焼に関する知識,重要用語;頻出用語,燃焼を良くする温度・時間・混合の要素。,燃焼管理で重視されるTemperature、Time、Turbulenceの考え方。完全燃焼の条件として整理する。,完全燃焼;燃焼管理;不完全燃焼,,A,三つのTは、2級ボイラー技士試験で選択肢の正誤判断に直結しやすい用語です。定義、原因、関連装置、事故防止上の意味をセットで確認しましょう。
煙突,えんとつ,燃料及び燃焼に関する知識,重要用語;頻出用語,燃焼ガスを屋外へ排出する設備。,排ガスを排出し、自然通風にも関係する設備。高さや通風力、排ガス温度と関連する。,自然通風;ドラフト;排ガス,,A,煙突は、2級ボイラー技士試験で選択肢の正誤判断に直結しやすい用語です。定義、原因、関連装置、事故防止上の意味をセットで確認しましょう。
ドラフト,どらふと,燃料及び燃焼に関する知識,重要用語;頻出用語,通風を生じさせる圧力差。,燃焼用空気や排ガスを流すための通風力。自然通風・押込通風・誘引通風の理解に関係する。,通風;煙突;炉内圧,,A,ドラフトは、2級ボイラー技士試験で選択肢の正誤判断に直結しやすい用語です。定義、原因、関連装置、事故防止上の意味をセットで確認しましょう。
炉内圧,ろないあつ,燃料及び燃焼に関する知識,重要用語;頻出用語,燃焼室内の圧力状態。,燃焼室内の圧力。正圧になりすぎると火炎や燃焼ガスの噴出のおそれがある。,押込通風;誘引通風;平衡通風,,A,炉内圧は、2級ボイラー技士試験で選択肢の正誤判断に直結しやすい用語です。定義、原因、関連装置、事故防止上の意味をセットで確認しましょう。
押込ファン,おしこみふぁん,燃料及び燃焼に関する知識,重要用語;頻出用語,燃焼用空気を炉内へ送るファン。,燃焼に必要な空気をバーナや燃焼室へ送り込む送風機。押込通風で用いられる。,押込通風;送風機;空気比,,A,押込ファンは、2級ボイラー技士試験で選択肢の正誤判断に直結しやすい用語です。定義、原因、関連装置、事故防止上の意味をセットで確認しましょう。
誘引ファン,ゆういんふぁん,燃料及び燃焼に関する知識,重要用語;頻出用語,燃焼ガスを煙道側へ引くファン。,燃焼ガスを煙突側へ引き出し、炉内圧や通風を調整する送風機。,誘引通風;煙突;炉内圧,,A,誘引ファンは、2級ボイラー技士試験で選択肢の正誤判断に直結しやすい用語です。定義、原因、関連装置、事故防止上の意味をセットで確認しましょう。
落成検査,らくせいけんさ,関係法令,重要用語;頻出用語,設置工事完了後などに受ける検査。,ボイラーの設置工事が完了した後、使用前に安全性を確認するための検査。検査前使用の可否が問われやすい。,使用検査;設置届;ボイラー検査証,,A,落成検査は、2級ボイラー技士試験で選択肢の正誤判断に直結しやすい用語です。定義、原因、関連装置、事故防止上の意味をセットで確認しましょう。
変更検査,へんこうけんさ,関係法令,重要用語;頻出用語,主要部分の変更後などに必要となる検査。,ボイラーの構造や主要部分に一定の変更をした場合に、安全性を確認するために受ける検査。,変更届;性能検査;ボイラー検査証,,A,変更検査は、2級ボイラー技士試験で選択肢の正誤判断に直結しやすい用語です。定義、原因、関連装置、事故防止上の意味をセットで確認しましょう。
構造検査,こうぞうけんさ,関係法令,重要用語;頻出用語,製造段階などで構造を確認する検査。,ボイラーの構造が基準に適合しているかを確認する検査。使用段階の検査と区別する。,溶接検査;落成検査;使用検査,,A,構造検査は、2級ボイラー技士試験で選択肢の正誤判断に直結しやすい用語です。定義、原因、関連装置、事故防止上の意味をセットで確認しましょう。
溶接検査,ようせつけんさ,関係法令,重要用語;頻出用語,溶接部の安全性を確認する検査。,ボイラーの溶接部分について、強度や欠陥の有無を確認する検査。構造検査と関連する。,構造検査;ボイラー検査証,,A,溶接検査は、2級ボイラー技士試験で選択肢の正誤判断に直結しやすい用語です。定義、原因、関連装置、事故防止上の意味をセットで確認しましょう。
検査証の有効期間,けんさしょうのゆうこうきかん,関係法令,重要用語;頻出用語,ボイラー検査証が有効な期間。,ボイラーを継続使用するには、有効期間満了前に性能検査など必要な手続を確認する。,性能検査;ボイラー検査証;継続使用,,A,検査証の有効期間は、2級ボイラー技士試験で選択肢の正誤判断に直結しやすい用語です。定義、原因、関連装置、事故防止上の意味をセットで確認しましょう。
検査証の再交付,けんさしょうのさいこうふ,関係法令,重要用語;頻出用語,検査証を紛失・滅失した場合の再発行手続。,ボイラー検査証を失った場合などに必要となる手続。放置せず再交付を受ける点が問われる。,ボイラー検査証;滅失;記載事項変更,,A,検査証の再交付は、2級ボイラー技士試験で選択肢の正誤判断に直結しやすい用語です。定義、原因、関連装置、事故防止上の意味をセットで確認しましょう。
記載事項変更,きさいじこうへんこう,関係法令,重要用語;頻出用語,検査証などの記載内容に変更が生じること。,所有者、設置場所など検査証の記載事項に変更があった場合、必要な手続を確認する。,変更届;ボイラー検査証;検査証の再交付,,A,記載事項変更は、2級ボイラー技士試験で選択肢の正誤判断に直結しやすい用語です。定義、原因、関連装置、事故防止上の意味をセットで確認しましょう。
所轄労働基準監督署長,しょかつろうどうきじゅんかんとくしょちょう,関係法令,重要用語;頻出用語,ボイラー関係の届出先として出る行政機関の長。,設置届、変更届などの届出先として問われることがある行政機関の長。手続問題で確認したい。,設置届;変更届;廃止届,,A,所轄労働基準監督署長は、2級ボイラー技士試験で選択肢の正誤判断に直結しやすい用語です。定義、原因、関連装置、事故防止上の意味をセットで確認しましょう。
労働安全衛生法,ろうどうあんぜんえいせいほう,関係法令,重要用語;頻出用語,労働災害防止の基本を定める法律。,ボイラーなど危険性のある機械設備の安全管理の基礎となる法律。ボイラー則とあわせて理解する。,ボイラー及び圧力容器安全規則;作業主任者,,A,労働安全衛生法は、2級ボイラー技士試験で選択肢の正誤判断に直結しやすい用語です。定義、原因、関連装置、事故防止上の意味をセットで確認しましょう。
ボイラー及び圧力容器安全規則,ぼいらーおよびあつりょくようきあんぜんきそく,関係法令,重要用語;頻出用語,ボイラーや圧力容器の安全基準を定める規則。,設置、検査、取扱い、作業主任者など、ボイラーの安全管理に関する具体的事項を定める規則。,労働安全衛生法;検査;作業主任者,,A,ボイラー及び圧力容器安全規則は、2級ボイラー技士試験で選択肢の正誤判断に直結しやすい用語です。定義、原因、関連装置、事故防止上の意味をセットで確認しましょう。
ボイラー取扱者,ぼいらーとりあつかいしゃ,関係法令,重要用語;頻出用語,ボイラーの取扱い作業を行う者。,水位、圧力、燃焼状態などを監視し、安全手順に従ってボイラーを扱う者。作業主任者との違いも確認する。,ボイラー取扱作業主任者;ボイラー技士免許,,A,ボイラー取扱者は、2級ボイラー技士試験で選択肢の正誤判断に直結しやすい用語です。定義、原因、関連装置、事故防止上の意味をセットで確認しましょう。
特級ボイラー技士,とっきゅうぼいらーぎし,関係法令,重要用語;頻出用語,ボイラー技士免許の上位区分。,ボイラー技士免許の区分の一つ。作業主任者に選任できる範囲の違いを整理する。,一級ボイラー技士;二級ボイラー技士;作業主任者,,A,特級ボイラー技士は、2級ボイラー技士試験で選択肢の正誤判断に直結しやすい用語です。定義、原因、関連装置、事故防止上の意味をセットで確認しましょう。
一級ボイラー技士,いっきゅうぼいらーぎし,関係法令,重要用語;頻出用語,ボイラー技士免許の区分の一つ。,ボイラー取扱いや作業主任者選任に関係する免許区分。2級との扱いの違いを確認する。,特級ボイラー技士;二級ボイラー技士;作業主任者,,A,一級ボイラー技士は、2級ボイラー技士試験で選択肢の正誤判断に直結しやすい用語です。定義、原因、関連装置、事故防止上の意味をセットで確認しましょう。
二級ボイラー技士,にきゅうぼいらーぎし,関係法令,重要用語;頻出用語,2級ボイラー技士免許を持つ者。,小規模から一定範囲のボイラー取扱いに関係する免許区分。試験名そのものでもあり、法令上の扱いを確認する。,ボイラー技士免許;作業主任者;取扱資格,,A,二級ボイラー技士は、2級ボイラー技士試験で選択肢の正誤判断に直結しやすい用語です。定義、原因、関連装置、事故防止上の意味をセットで確認しましょう。
ボイラー明細書,ぼいらーめいさいしょ,関係法令,重要用語;頻出用語,ボイラーの構造や仕様を記載した書類。,設置や検査の手続で参照される、ボイラーの形式・圧力・伝熱面積などを記した書類。,設置届;伝熱面積;最高使用圧力,,A,ボイラー明細書は、2級ボイラー技士試験で選択肢の正誤判断に直結しやすい用語です。定義、原因、関連装置、事故防止上の意味をセットで確認しましょう。
可燃物,かねんぶつ,関係法令,重要用語;頻出用語,火がつき燃えるおそれのある物。,ボイラー室周辺では火災防止のため配置や保管に注意が必要な物。設置条件で問われる。,ボイラー室;燃料タンク;火災防止,,A,可燃物は、2級ボイラー技士試験で選択肢の正誤判断に直結しやすい用語です。定義、原因、関連装置、事故防止上の意味をセットで確認しましょう。
換気,かんき,関係法令,重要用語;頻出用語,空気を入れ替えること。,ボイラー室や点火前の炉内で、燃焼用空気確保や可燃性ガス排出のために重要な管理事項。,ボイラー室;パージ;燃料漏れ,,A,換気は、2級ボイラー技士試験で選択肢の正誤判断に直結しやすい用語です。定義、原因、関連装置、事故防止上の意味をセットで確認しましょう。
燃料タンク,ねんりょうたんく,関係法令,重要用語;頻出用語,燃料を貯蔵する容器・設備。,ボイラー室内外で燃料を貯蔵する設備。漏えい、火災、配置条件に注意する。,燃料漏れ;ボイラー室;可燃物,,A,燃料タンクは、2級ボイラー技士試験で選択肢の正誤判断に直結しやすい用語です。定義、原因、関連装置、事故防止上の意味をセットで確認しましょう。
炉前,ろまえ,関係法令,重要用語;頻出用語,ボイラー前面の操作・点検スペース。,燃焼装置や操作部の前方にあたる場所。点検、修理、操作に支障がない空間確保が重要。,ボイラー室;通路;点検スペース,,A,炉前は、2級ボイラー技士試験で選択肢の正誤判断に直結しやすい用語です。定義、原因、関連装置、事故防止上の意味をセットで確認しましょう。
点検記録,てんけんきろく,関係法令,重要用語;頻出用語,検査や点検の結果を記録したもの。,定期自主検査などの結果を残す記録。実施だけでなく保存・確認が問われることがある。,定期自主検査;性能検査;作業主任者,,A,点検記録は、2級ボイラー技士試験で選択肢の正誤判断に直結しやすい用語です。定義、原因、関連装置、事故防止上の意味をセットで確認しましょう。
水高計,すいこうけい,ボイラーの構造に関する知識,重要用語;頻出用語,温水ボイラーなどの圧力又は水頭を示す計器。,水柱の高さや圧力差により、温水ボイラーの状態を確認する計器。温度計・圧力計との違いが問われやすい。,温水ボイラー;圧力計;水面計,,A,水高計は、2級ボイラー技士試験で装置の役割・異常時対応・法令上の扱いと結び付けて問われやすい用語です。定義だけでなく、何を防ぐためのものかまで確認しましょう。
温度計,おんどけい,ボイラーの構造に関する知識,重要用語;頻出用語,温水や蒸気、排ガスなどの温度を確認する計器。,ボイラーの運転状態や温水ボイラーの管理に必要な温度を示す計器。過熱や異常把握に関係する。,水高計;温水ボイラー;排ガス温度,,A,温度計は、2級ボイラー技士試験で装置の役割・異常時対応・法令上の扱いと結び付けて問われやすい用語です。定義だけでなく、何を防ぐためのものかまで確認しましょう。
連成計,れんせいけい,ボイラーの構造に関する知識,重要用語;頻出用語,正圧と負圧の両方を示せる計器。,圧力と真空側の圧力を一つの計器で確認できるもの。圧力計・真空計との違いを押さえる。,圧力計;真空計;ゲージ圧力,,A,連成計は、2級ボイラー技士試験で装置の役割・異常時対応・法令上の扱いと結び付けて問われやすい用語です。定義だけでなく、何を防ぐためのものかまで確認しましょう。
真空計,しんくうけい,ボイラーの構造に関する知識,重要用語;頻出用語,大気圧より低い圧力を確認する計器。,負圧や真空状態を測定する計器。絶対圧力やゲージ圧力の理解と関連する。,連成計;絶対圧力;ゲージ圧力,,A,真空計は、2級ボイラー技士試験で装置の役割・異常時対応・法令上の扱いと結び付けて問われやすい用語です。定義だけでなく、何を防ぐためのものかまで確認しましょう。
給水弁,きゅうすいべん,ボイラーの構造に関する知識,重要用語;頻出用語,ボイラーへの給水を開閉・調整する弁。,給水管に設けられ、給水量の調整や停止に用いられる弁。給水逆止め弁との役割の違いが重要。,給水逆止め弁;給水ポンプ;水位制御器,,A,給水弁は、2級ボイラー技士試験で装置の役割・異常時対応・法令上の扱いと結び付けて問われやすい用語です。定義だけでなく、何を防ぐためのものかまで確認しましょう。
主蒸気弁,しゅじょうきべん,ボイラーの構造に関する知識,重要用語;頻出用語,主蒸気管への蒸気供給を開閉する弁。,ボイラーで発生した蒸気を主蒸気管へ送るための主要弁。急開によるウォータハンマや圧力変動に注意する。,蒸気止め弁;主蒸気管;暖管,,A,主蒸気弁は、2級ボイラー技士試験で装置の役割・異常時対応・法令上の扱いと結び付けて問われやすい用語です。定義だけでなく、何を防ぐためのものかまで確認しましょう。
主蒸気管,しゅじょうきかん,ボイラーの構造に関する知識,重要用語;頻出用語,ボイラーから蒸気を送る主要配管。,発生蒸気を使用先へ送る配管。ドレン、暖管、蒸気止め弁の操作と関連して出題されやすい。,主蒸気弁;ドレン;ウォータハンマ,,A,主蒸気管は、2級ボイラー技士試験で装置の役割・異常時対応・法令上の扱いと結び付けて問われやすい用語です。定義だけでなく、何を防ぐためのものかまで確認しましょう。
給水内管,きゅうすいないかん,ボイラーの構造に関する知識,重要用語;頻出用語,給水を胴内へ分散して入れるための管。,給水をボイラー胴内に適切に分配するために設けられる管。取付位置や水位との関係が問われる。,給水;ボイラー胴;水位,,A,給水内管は、2級ボイラー技士試験で装置の役割・異常時対応・法令上の扱いと結び付けて問われやすい用語です。定義だけでなく、何を防ぐためのものかまで確認しましょう。
吹出し管,ふきだしかん,ボイラーの構造に関する知識,重要用語;頻出用語,吹出し水を排出するための管。,ボイラー水やスラッジを外部へ排出する経路。吹出し弁・吹出し操作とセットで確認する。,吹出し弁;吹出し;スラッジ,,A,吹出し管は、2級ボイラー技士試験で装置の役割・異常時対応・法令上の扱いと結び付けて問われやすい用語です。定義だけでなく、何を防ぐためのものかまで確認しましょう。
検水コック,けんすいこっく,ボイラーの構造に関する知識,重要用語;頻出用語,水位や水の存在を確認するためのコック。,水面計の確認や水位確認に関係する附属品として扱われることがある。水面計と役割を混同しない。,水面計;水位;附属品,,A,検水コックは、2級ボイラー技士試験で装置の役割・異常時対応・法令上の扱いと結び付けて問われやすい用語です。定義だけでなく、何を防ぐためのものかまで確認しましょう。
安全低水面,あんぜんていすいめん,ボイラーの構造に関する知識,重要用語;頻出用語,安全上これ以下にしてはいけない水面。,伝熱面を過熱させないために保つべき最低限の水位。低水位や空だき防止の基準として重要。,低水位;水面計;空だき,,A,安全低水面は、2級ボイラー技士試験で装置の役割・異常時対応・法令上の扱いと結び付けて問われやすい用語です。定義だけでなく、何を防ぐためのものかまで確認しましょう。
最高水位,さいこうすいい,ボイラーの構造に関する知識,重要用語;頻出用語,運転上高すぎる水位の目安。,水位が高すぎるとキャリオーバや蒸気品質低下の原因になる。低水位とあわせて適正範囲で管理する。,水位;キャリオーバ;水面計,,A,最高水位は、2級ボイラー技士試験で装置の役割・異常時対応・法令上の扱いと結び付けて問われやすい用語です。定義だけでなく、何を防ぐためのものかまで確認しましょう。
水位警報装置,すいいけいほうそうち,ボイラーの構造に関する知識,重要用語;頻出用語,水位異常を知らせる警報装置。,水位が高すぎる又は低すぎる場合に警報を発し、事故防止につなげる装置。低水位燃料遮断装置と関連する。,低水位;低水位燃料遮断装置;水位制御器,,A,水位警報装置は、2級ボイラー技士試験で装置の役割・異常時対応・法令上の扱いと結び付けて問われやすい用語です。定義だけでなく、何を防ぐためのものかまで確認しましょう。
高圧燃料遮断,こうあつねんりょうしゃだん,ボイラーの構造に関する知識,重要用語;頻出用語,圧力異常上昇時に燃料供給を止める安全機能。,蒸気圧力が設定値を超えた場合などに燃料供給を遮断し、過圧を防ぐ制御。,圧力制御器;燃料遮断弁;安全弁,,A,高圧燃料遮断は、2級ボイラー技士試験で装置の役割・異常時対応・法令上の扱いと結び付けて問われやすい用語です。定義だけでなく、何を防ぐためのものかまで確認しましょう。
燃焼量比例制御,ねんしょうりょうひれいせいぎょ,ボイラーの構造に関する知識,重要用語;頻出用語,負荷に応じて燃料量と空気量を調整する制御。,蒸気負荷や圧力変化に応じて燃料・空気を連続的又は段階的に調整する制御方式。,圧力制御器;空気比;燃焼管理,,A,燃焼量比例制御は、2級ボイラー技士試験で装置の役割・異常時対応・法令上の扱いと結び付けて問われやすい用語です。定義だけでなく、何を防ぐためのものかまで確認しましょう。
オンオフ制御,おんおふせいぎょ,ボイラーの構造に関する知識,重要用語;頻出用語,状態に応じて運転と停止を切り替える制御。,圧力や温度などが設定範囲を外れたときに燃焼を開始・停止する単純な制御方式。,圧力制御器;自動制御;燃焼量比例制御,,A,オンオフ制御は、2級ボイラー技士試験で装置の役割・異常時対応・法令上の扱いと結び付けて問われやすい用語です。定義だけでなく、何を防ぐためのものかまで確認しましょう。
比例制御,ひれいせいぎょ,ボイラーの構造に関する知識,重要用語;頻出用語,偏差に応じて操作量を変える制御。,設定値との差に応じて燃料量や空気量などを調整する制御。オンオフ制御との違いを押さえる。,燃焼量比例制御;自動制御;圧力制御器,,A,比例制御は、2級ボイラー技士試験で装置の役割・異常時対応・法令上の扱いと結び付けて問われやすい用語です。定義だけでなく、何を防ぐためのものかまで確認しましょう。
温水ボイラー,おんすいぼいらー,ボイラーの構造に関する知識,重要用語;頻出用語,温水を発生させるボイラー。,蒸気ではなく温水を供給するボイラー。逃がし弁、水高計、返り管などの附属品・法令区分が問われる。,逃がし弁;水高計;返り管,,A,温水ボイラーは、2級ボイラー技士試験で装置の役割・異常時対応・法令上の扱いと結び付けて問われやすい用語です。定義だけでなく、何を防ぐためのものかまで確認しましょう。
鋼製ボイラー,こうせいぼいらー,ボイラーの構造に関する知識,重要用語;頻出用語,鋼材を主要材料とするボイラー。,鋼板や鋼管で構成される一般的なボイラー。鋳鉄製ボイラーとの違いや附属品の扱いを確認する。,鋳鉄製ボイラー;圧力計;水面計,,A,鋼製ボイラーは、2級ボイラー技士試験で装置の役割・異常時対応・法令上の扱いと結び付けて問われやすい用語です。定義だけでなく、何を防ぐためのものかまで確認しましょう。
戻り燃焼方式,もどりねんしょうほうしき,ボイラーの構造に関する知識,重要用語;頻出用語,燃焼ガスが炉筒内で折り返す燃焼方式。,炉筒煙管ボイラーなどで燃焼ガスが戻るように流れる方式。構造上の特徴として問われる。,炉筒煙管ボイラー;煙管;燃焼室,,A,戻り燃焼方式は、2級ボイラー技士試験で装置の役割・異常時対応・法令上の扱いと結び付けて問われやすい用語です。定義だけでなく、何を防ぐためのものかまで確認しましょう。
火炉,かろ,ボイラーの構造に関する知識,重要用語;頻出用語,燃料を燃やす炉内空間。,燃焼室とほぼ同義で、燃料を燃焼させ熱を発生させる部分。炉壁や伝熱面と関連する。,燃焼室;炉壁;耐火材,,A,火炉は、2級ボイラー技士試験で装置の役割・異常時対応・法令上の扱いと結び付けて問われやすい用語です。定義だけでなく、何を防ぐためのものかまで確認しましょう。
煙管,えんかん,ボイラーの構造に関する知識,重要用語;頻出用語,燃焼ガスが通る管。,炉筒煙管ボイラーなどで燃焼ガスを通し、周囲の水へ熱を伝える管。水管との違いを確認する。,炉筒煙管ボイラー;伝熱面;水管,,A,煙管は、2級ボイラー技士試験で装置の役割・異常時対応・法令上の扱いと結び付けて問われやすい用語です。定義だけでなく、何を防ぐためのものかまで確認しましょう。
水管,すいかん,ボイラーの構造に関する知識,重要用語;頻出用語,内部に水や蒸気が流れる管。,水管ボイラーで水や蒸気混合物が流れる管。外側から燃焼ガスで加熱される。,水管ボイラー;上昇管;下降管,,A,水管は、2級ボイラー技士試験で装置の役割・異常時対応・法令上の扱いと結び付けて問われやすい用語です。定義だけでなく、何を防ぐためのものかまで確認しましょう。
接触伝熱面,せっしょくでんねつめん,ボイラーの構造に関する知識,重要用語;頻出用語,高温ガスと接して熱を受ける伝熱面。,燃焼ガスとの接触により熱を受け、水や蒸気へ伝える面。伝熱面積の理解にもつながる。,伝熱面;伝熱面積;燃焼室,,A,接触伝熱面は、2級ボイラー技士試験で装置の役割・異常時対応・法令上の扱いと結び付けて問われやすい用語です。定義だけでなく、何を防ぐためのものかまで確認しましょう。
放射伝熱,ほうしゃでんねつ,ボイラーの構造に関する知識,重要用語;頻出用語,火炎などから放射で熱が伝わること。,高温火炎や燃焼ガスから電磁波として熱が伝わる現象。燃焼室内の伝熱で重要。,接触伝熱面;燃焼室;伝熱面,,A,放射伝熱は、2級ボイラー技士試験で装置の役割・異常時対応・法令上の扱いと結び付けて問われやすい用語です。定義だけでなく、何を防ぐためのものかまで確認しましょう。
対流伝熱,たいりゅうでんねつ,ボイラーの構造に関する知識,重要用語;頻出用語,流体の移動で熱が伝わること。,燃焼ガスや水・蒸気の流れにより熱が伝わる現象。煙管や水管の伝熱理解に関係する。,伝熱面;煙管;水管,,A,対流伝熱は、2級ボイラー技士試験で装置の役割・異常時対応・法令上の扱いと結び付けて問われやすい用語です。定義だけでなく、何を防ぐためのものかまで確認しましょう。
保有水量,ほゆうすいりょう,ボイラーの構造に関する知識,重要用語;頻出用語,ボイラー内に保持される水量。,ボイラーが内部に持つ水の量。多いと圧力変動が比較的小さく、少ないと応答が速いなどの特徴がある。,炉筒煙管ボイラー;貫流ボイラー;負荷変動,,A,保有水量は、2級ボイラー技士試験で装置の役割・異常時対応・法令上の扱いと結び付けて問われやすい用語です。定義だけでなく、何を防ぐためのものかまで確認しましょう。
負荷変動,ふかへんどう,ボイラーの取扱いに関する知識,重要用語;頻出用語,蒸気や温水の使用量が変化すること。,需要変化により燃焼量・圧力・水位が変動すること。急変時は燃焼や水位管理に注意する。,燃焼量比例制御;水位;キャリオーバ,,A,負荷変動は、2級ボイラー技士試験で装置の役割・異常時対応・法令上の扱いと結び付けて問われやすい用語です。定義だけでなく、何を防ぐためのものかまで確認しましょう。
急激なたき上げ,きゅうげきなたきあげ,ボイラーの取扱いに関する知識,重要用語;頻出用語,短時間で急に燃焼を強める操作。,冷えたボイラーを急に加熱すると熱応力や漏れ、損傷の原因になる。たき始めでは避ける。,熱応力;たき始め;昇圧,,A,急激なたき上げは、2級ボイラー技士試験で装置の役割・異常時対応・法令上の扱いと結び付けて問われやすい用語です。定義だけでなく、何を防ぐためのものかまで確認しましょう。
昇圧,しょうあつ,ボイラーの取扱いに関する知識,重要用語;頻出用語,ボイラー圧力を上げること。,たき始めから運転圧力へ向けて圧力を上げる操作。急激な昇圧は熱応力や漏れの原因になる。,圧力計;たき始め;熱応力,,A,昇圧は、2級ボイラー技士試験で装置の役割・異常時対応・法令上の扱いと結び付けて問われやすい用語です。定義だけでなく、何を防ぐためのものかまで確認しましょう。
降圧,こうあつ,ボイラーの取扱いに関する知識,重要用語;頻出用語,ボイラー圧力を下げること。,停止や負荷変化により圧力を下げること。急激な操作は水位変動やウォータハンマに注意する。,蒸気止め弁;停止操作;圧力計,,A,降圧は、2級ボイラー技士試験で装置の役割・異常時対応・法令上の扱いと結び付けて問われやすい用語です。定義だけでなく、何を防ぐためのものかまで確認しましょう。
停止操作,ていしそうさ,ボイラーの取扱いに関する知識,重要用語;頻出用語,ボイラー運転を安全に止める操作。,燃料停止、換気、圧力・温度低下確認、水位管理などを順序立てて行う操作。,ポストパージ;マンホール;保存,,A,停止操作は、2級ボイラー技士試験で装置の役割・異常時対応・法令上の扱いと結び付けて問われやすい用語です。定義だけでなく、何を防ぐためのものかまで確認しましょう。
圧力抜き,あつりょくぬき,ボイラーの取扱いに関する知識,重要用語;頻出用語,内部圧力を安全に抜く操作。,点検や開放前に残圧がないことを確認し、必要に応じて圧力を下げる操作。マンホール開放前に重要。,マンホール;停止操作;圧力計,,A,圧力抜きは、2級ボイラー技士試験で装置の役割・異常時対応・法令上の扱いと結び付けて問われやすい用語です。定義だけでなく、何を防ぐためのものかまで確認しましょう。
炉内換気,ろないかんき,ボイラーの取扱いに関する知識,重要用語;頻出用語,炉内の未燃ガスを排出する換気。,点火前や失火後に炉内・煙道の可燃性ガスを排出する操作。爆発防止の基本。,プレパージ;パージ;燃料漏れ,,A,炉内換気は、2級ボイラー技士試験で装置の役割・異常時対応・法令上の扱いと結び付けて問われやすい用語です。定義だけでなく、何を防ぐためのものかまで確認しましょう。
未燃ガス,みねんがす,ボイラーの取扱いに関する知識,重要用語;頻出用語,燃え残った可燃性ガス。,点火失敗や燃料漏れで炉内に残る可燃性ガス。換気せず点火すると爆発の危険がある。,炉内換気;パージ;爆発範囲,,A,未燃ガスは、2級ボイラー技士試験で装置の役割・異常時対応・法令上の扱いと結び付けて問われやすい用語です。定義だけでなく、何を防ぐためのものかまで確認しましょう。
未燃分,みねんぶん,ボイラーの取扱いに関する知識,重要用語;頻出用語,燃え切らずに残った燃料成分。,空気不足や混合不良、霧化不良により燃焼しきれず残る成分。黒煙や効率低下の原因になる。,不完全燃焼;黒煙;霧化,,A,未燃分は、2級ボイラー技士試験で装置の役割・異常時対応・法令上の扱いと結び付けて問われやすい用語です。定義だけでなく、何を防ぐためのものかまで確認しましょう。
すす,すす,ボイラーの取扱いに関する知識,重要用語;頻出用語,不完全燃焼で生じる炭素質の付着物。,伝熱面や煙道に付着すると熱効率を下げ、排ガス温度を上げる。スートブローで除去する。,スートブロー;黒煙;伝熱面,,A,すすは、2級ボイラー技士試験で装置の役割・異常時対応・法令上の扱いと結び付けて問われやすい用語です。定義だけでなく、何を防ぐためのものかまで確認しましょう。
ボイラー効率,ぼいらーこうりつ,ボイラーの取扱いに関する知識,重要用語;頻出用語,燃料の熱が有効に蒸気や温水へ移った割合。,投入燃料の熱量に対して、蒸気や温水として利用できた熱量の割合。排ガス熱損失や不完全燃焼で低下する。,熱効率;排ガス熱損失;空気比,,A,ボイラー効率は、2級ボイラー技士試験で装置の役割・異常時対応・法令上の扱いと結び付けて問われやすい用語です。定義だけでなく、何を防ぐためのものかまで確認しましょう。
熱効率,ねつこうりつ,ボイラーの取扱いに関する知識,重要用語;頻出用語,投入した熱を有効利用できた割合。,燃料から得た熱がどれだけ有効に利用されたかを示す指標。節炭器・空気予熱器・排ガス損失と関連する。,ボイラー効率;節炭器;空気予熱器,,A,熱効率は、2級ボイラー技士試験で装置の役割・異常時対応・法令上の扱いと結び付けて問われやすい用語です。定義だけでなく、何を防ぐためのものかまで確認しましょう。
給水加熱,きゅうすいかねつ,ボイラーの取扱いに関する知識,重要用語;頻出用語,給水をボイラー投入前に温めること。,排熱などを利用して給水温度を上げ、熱効率向上や熱衝撃低減に役立てる。脱気効果とも関連する。,節炭器;脱気器;熱効率,,A,給水加熱は、2級ボイラー技士試験で装置の役割・異常時対応・法令上の扱いと結び付けて問われやすい用語です。定義だけでなく、何を防ぐためのものかまで確認しましょう。
清缶剤,せいかんざい,ボイラーの取扱いに関する知識,重要用語;頻出用語,ボイラー水処理に用いる薬剤。,スケール防止、pH調整、腐食抑制などの目的でボイラー水に添加する薬剤の総称。,りん酸塩処理;脱酸素剤;pH,,A,清缶剤は、2級ボイラー技士試験で装置の役割・異常時対応・法令上の扱いと結び付けて問われやすい用語です。定義だけでなく、何を防ぐためのものかまで確認しましょう。
水質管理,すいしつかんり,ボイラーの取扱いに関する知識,重要用語;頻出用語,給水・ボイラー水の性質を適正に保つ管理。,硬度、pH、溶解固形分、溶存酸素などを管理し、スケールや腐食、キャリオーバを防ぐ。,硬度;pH;電気伝導率,,A,水質管理は、2級ボイラー技士試験で装置の役割・異常時対応・法令上の扱いと結び付けて問われやすい用語です。定義だけでなく、何を防ぐためのものかまで確認しましょう。
濃縮,のうしゅく,ボイラーの取扱いに関する知識,重要用語;頻出用語,水中の溶解成分が濃くなること。,蒸発により水分だけが減り、ボイラー水中の溶解固形分が増えること。吹出し管理が必要。,溶解固形分;電気伝導率;吹出し,,A,濃縮は、2級ボイラー技士試験で装置の役割・異常時対応・法令上の扱いと結び付けて問われやすい用語です。定義だけでなく、何を防ぐためのものかまで確認しましょう。
給水処理,きゅうすいしょり,ボイラーの取扱いに関する知識,重要用語;頻出用語,給水をボイラーに適した水質へ整える処理。,軟化、脱気、薬注などにより、スケール・腐食・キャリオーバを防ぐための処理。,軟化装置;脱気器;清缶剤,,A,給水処理は、2級ボイラー技士試験で装置の役割・異常時対応・法令上の扱いと結び付けて問われやすい用語です。定義だけでなく、何を防ぐためのものかまで確認しましょう。
薬注,やくちゅう,ボイラーの取扱いに関する知識,重要用語;頻出用語,水処理薬剤を注入すること。,pH調整、脱酸素、スケール防止などの目的で薬剤を給水やボイラー水へ入れる操作。,清缶剤;脱酸素剤;りん酸塩処理,,A,薬注は、2級ボイラー技士試験で装置の役割・異常時対応・法令上の扱いと結び付けて問われやすい用語です。定義だけでなく、何を防ぐためのものかまで確認しましょう。
給水タンク,きゅうすいたんく,ボイラーの取扱いに関する知識,重要用語;頻出用語,ボイラー給水を一時貯えるタンク。,給水ポンプへ供給する水をためる設備。給水温度、脱気、薬注と関係する場合がある。,給水ポンプ;給水処理;脱気器,,A,給水タンクは、2級ボイラー技士試験で装置の役割・異常時対応・法令上の扱いと結び付けて問われやすい用語です。定義だけでなく、何を防ぐためのものかまで確認しましょう。
燃焼管理,ねんしょうかんり,燃料及び燃焼に関する知識,重要用語;頻出用語,燃料と空気を適正に保ち燃焼状態を管理すること。,火炎、排ガス、空気比、燃料量を確認し、完全燃焼と安全運転を維持する管理。,空気比;排ガス分析;火炎の色,,A,燃焼管理は、2級ボイラー技士試験で装置の役割・異常時対応・法令上の扱いと結び付けて問われやすい用語です。定義だけでなく、何を防ぐためのものかまで確認しましょう。
液体燃料,えきたいねんりょう,燃料及び燃焼に関する知識,重要用語;頻出用語,重油など液体の燃料。,ボイラー燃料として使われる液体の燃料。粘度、引火点、水分、霧化が重要。,重油;霧化;引火点,,A,液体燃料は、2級ボイラー技士試験で装置の役割・異常時対応・法令上の扱いと結び付けて問われやすい用語です。定義だけでなく、何を防ぐためのものかまで確認しましょう。
気体燃料,きたいねんりょう,燃料及び燃焼に関する知識,重要用語;頻出用語,都市ガスなど気体の燃料。,空気との混合が比較的容易だが、漏えい時の爆発危険がある燃料。点火前換気が重要。,都市ガス;爆発範囲;ガスバーナ,,A,気体燃料は、2級ボイラー技士試験で装置の役割・異常時対応・法令上の扱いと結び付けて問われやすい用語です。定義だけでなく、何を防ぐためのものかまで確認しましょう。
固体燃料,こたいねんりょう,燃料及び燃焼に関する知識,重要用語;頻出用語,石炭など固体の燃料。,火格子や微粉炭燃焼などの方式で燃やす固体状の燃料。灰分や燃焼管理に注意する。,石炭;火格子;灰分,,A,固体燃料は、2級ボイラー技士試験で装置の役割・異常時対応・法令上の扱いと結び付けて問われやすい用語です。定義だけでなく、何を防ぐためのものかまで確認しましょう。
重油,じゅうゆ,燃料及び燃焼に関する知識,重要用語;頻出用語,ボイラー燃料に用いられる代表的な液体燃料。,粘度、硫黄分、水分、引火点などが燃焼管理や低温腐食に影響する液体燃料。,液体燃料;粘度;低温腐食,,A,重油は、2級ボイラー技士試験で装置の役割・異常時対応・法令上の扱いと結び付けて問われやすい用語です。定義だけでなく、何を防ぐためのものかまで確認しましょう。
軽油,けいゆ,燃料及び燃焼に関する知識,重要用語;頻出用語,比較的軽質な液体燃料。,重油より粘度が低く扱いやすい液体燃料。燃料性質の比較で問われることがある。,液体燃料;重油;引火点,,A,軽油は、2級ボイラー技士試験で装置の役割・異常時対応・法令上の扱いと結び付けて問われやすい用語です。定義だけでなく、何を防ぐためのものかまで確認しましょう。
石炭,せきたん,燃料及び燃焼に関する知識,重要用語;頻出用語,代表的な固体燃料。,炭素を主成分とする固体燃料。発熱量、灰分、微粉炭燃焼などと関連する。,固体燃料;火格子;微粉炭,,A,石炭は、2級ボイラー技士試験で装置の役割・異常時対応・法令上の扱いと結び付けて問われやすい用語です。定義だけでなく、何を防ぐためのものかまで確認しましょう。
火格子,ひごうし,燃料及び燃焼に関する知識,重要用語;頻出用語,固体燃料を載せて燃焼させる装置。,石炭などの固体燃料を支え、下方から空気を供給しながら燃焼させる部分。,固体燃料;石炭;燃焼室,,A,火格子は、2級ボイラー技士試験で装置の役割・異常時対応・法令上の扱いと結び付けて問われやすい用語です。定義だけでなく、何を防ぐためのものかまで確認しましょう。
微粉炭,びふんたん,燃料及び燃焼に関する知識,重要用語;頻出用語,細かく粉砕した石炭。,石炭を粉末状にして空気と混合し燃焼させる燃料。燃焼方式やバーナとの関係で出る。,石炭;固体燃料;バーナ,,A,微粉炭は、2級ボイラー技士試験で装置の役割・異常時対応・法令上の扱いと結び付けて問われやすい用語です。定義だけでなく、何を防ぐためのものかまで確認しましょう。
ばいじん,ばいじん,燃料及び燃焼に関する知識,重要用語;頻出用語,燃焼で生じる細かな粒子状物質。,不完全燃焼や灰分により排ガス中に含まれる粒子。燃焼管理や集じんと関連する。,黒煙;灰分;燃焼管理,,A,ばいじんは、2級ボイラー技士試験で装置の役割・異常時対応・法令上の扱いと結び付けて問われやすい用語です。定義だけでなく、何を防ぐためのものかまで確認しましょう。
ばい煙,ばいえん,燃料及び燃焼に関する知識,重要用語;頻出用語,燃焼に伴って発生する煙や有害成分。,排ガス中のばいじん、SOx、NOxなどを含む大気汚染につながる排出物。,ばいじん;SOx;NOx,,A,ばい煙は、2級ボイラー技士試験で装置の役割・異常時対応・法令上の扱いと結び付けて問われやすい用語です。定義だけでなく、何を防ぐためのものかまで確認しましょう。
集じん装置,しゅうじんそうち,燃料及び燃焼に関する知識,重要用語;頻出用語,排ガス中のばいじんを取り除く装置。,燃焼ガスに含まれる粒子状物質を捕集し、排出を抑える装置。環境対策として理解する。,ばいじん;ばい煙;排ガス,,A,集じん装置は、2級ボイラー技士試験で装置の役割・異常時対応・法令上の扱いと結び付けて問われやすい用語です。定義だけでなく、何を防ぐためのものかまで確認しましょう。
脱硫装置,だつりゅうそうち,燃料及び燃焼に関する知識,重要用語;頻出用語,排ガス中の硫黄酸化物を減らす装置。,硫黄分を含む燃料の燃焼で生じるSOxを低減する装置。低温腐食や大気汚染と関連する。,SOx;硫黄分;低温腐食,,A,脱硫装置は、2級ボイラー技士試験で装置の役割・異常時対応・法令上の扱いと結び付けて問われやすい用語です。定義だけでなく、何を防ぐためのものかまで確認しましょう。
脱硝装置,だっしょうそうち,燃料及び燃焼に関する知識,重要用語;頻出用語,排ガス中の窒素酸化物を減らす装置。,燃焼で生じるNOxを低減する環境装置。燃焼温度や空気比の管理とも関連する。,NOx;燃焼温度;排ガス,,A,脱硝装置は、2級ボイラー技士試験で装置の役割・異常時対応・法令上の扱いと結び付けて問われやすい用語です。定義だけでなく、何を防ぐためのものかまで確認しましょう。
燃焼温度,ねんしょうおんど,燃料及び燃焼に関する知識,重要用語;頻出用語,燃焼時の火炎や燃焼ガスの温度。,高すぎるとNOx増加、低すぎると不完全燃焼につながりやすい。三つのTの一つとしても重要。,NOx;三つのT;完全燃焼,,A,燃焼温度は、2級ボイラー技士試験で装置の役割・異常時対応・法令上の扱いと結び付けて問われやすい用語です。定義だけでなく、何を防ぐためのものかまで確認しましょう。
混合,こんごう,燃料及び燃焼に関する知識,重要用語;頻出用語,燃料と空気をよく混ぜること。,燃料と燃焼用空気が十分に混ざることで完全燃焼しやすくなる。三つのTの要素として問われる。,三つのT;完全燃焼;不完全燃焼,,A,混合は、2級ボイラー技士試験で装置の役割・異常時対応・法令上の扱いと結び付けて問われやすい用語です。定義だけでなく、何を防ぐためのものかまで確認しましょう。
燃焼時間,ねんしょうじかん,燃料及び燃焼に関する知識,重要用語;頻出用語,燃料が燃え尽きるために必要な時間。,燃料と空気が高温状態で十分な時間接触することが完全燃焼に必要。三つのTの一つ。,三つのT;完全燃焼;燃焼室,,A,燃焼時間は、2級ボイラー技士試験で装置の役割・異常時対応・法令上の扱いと結び付けて問われやすい用語です。定義だけでなく、何を防ぐためのものかまで確認しましょう。
燃焼室熱負荷,ねんしょうしつねつふか,燃料及び燃焼に関する知識,重要用語;頻出用語,燃焼室容積あたりの発生熱量。,燃焼室に対する熱の負担を示す考え方。高すぎると燃焼悪化や伝熱面過熱に注意する。,燃焼室;燃焼管理;熱負荷,,A,燃焼室熱負荷は、2級ボイラー技士試験で装置の役割・異常時対応・法令上の扱いと結び付けて問われやすい用語です。定義だけでなく、何を防ぐためのものかまで確認しましょう。
熱負荷,ねつふか,燃料及び燃焼に関する知識,重要用語;頻出用語,設備にかかる熱的な負担。,燃焼室や伝熱面にかかる熱の大きさ。過大な熱負荷は過熱や損傷につながる。,燃焼室熱負荷;伝熱面;過熱,,A,熱負荷は、2級ボイラー技士試験で装置の役割・異常時対応・法令上の扱いと結び付けて問われやすい用語です。定義だけでなく、何を防ぐためのものかまで確認しましょう。
ガス圧,がすあつ,燃料及び燃焼に関する知識,重要用語;頻出用語,気体燃料の供給圧力。,ガスバーナへ供給される燃料ガスの圧力。低すぎても高すぎても燃焼不良や安全停止に関係する。,ガスバーナ;気体燃料;燃料遮断弁,,A,ガス圧は、2級ボイラー技士試験で装置の役割・異常時対応・法令上の扱いと結び付けて問われやすい用語です。定義だけでなく、何を防ぐためのものかまで確認しましょう。
ガス遮断弁,がすしゃだんべん,燃料及び燃焼に関する知識,重要用語;頻出用語,異常時に燃料ガスを止める弁。,失火、圧力異常、低水位などの異常時にガス供給を遮断する安全弁。気体燃料の安全管理で重要。,燃料遮断弁;ガスバーナ;燃料漏れ,,A,ガス遮断弁は、2級ボイラー技士試験で装置の役割・異常時対応・法令上の扱いと結び付けて問われやすい用語です。定義だけでなく、何を防ぐためのものかまで確認しましょう。
漏えい検知,ろうえいけんち,燃料及び燃焼に関する知識,重要用語;頻出用語,燃料ガスや油の漏れを検出すること。,燃料漏れを早期に見つけ、火災・爆発を防ぐための確認。気体燃料では特に重要。,燃料漏れ;爆発範囲;換気,,A,漏えい検知は、2級ボイラー技士試験で装置の役割・異常時対応・法令上の扱いと結び付けて問われやすい用語です。定義だけでなく、何を防ぐためのものかまで確認しましょう。
点火源,てんかげん,燃料及び燃焼に関する知識,重要用語;頻出用語,燃焼開始のきっかけとなる火花や火炎。,可燃物と酸素がある状態で燃焼を始めさせる要素。燃焼の三要素や引火点と関連する。,燃焼の三要素;引火点;爆発範囲,,A,点火源は、2級ボイラー技士試験で装置の役割・異常時対応・法令上の扱いと結び付けて問われやすい用語です。定義だけでなく、何を防ぐためのものかまで確認しましょう。
燃焼の三要素,ねんしょうのみっつのようそ,燃料及び燃焼に関する知識,重要用語;頻出用語,可燃物・酸素・点火源の三要素。,燃焼が成立するために必要な基本要素。火災・爆発防止ではいずれかを断つ考え方が重要。,可燃物;点火源;完全燃焼,,A,燃焼の三要素は、2級ボイラー技士試験で装置の役割・異常時対応・法令上の扱いと結び付けて問われやすい用語です。定義だけでなく、何を防ぐためのものかまで確認しましょう。
法定検査,ほうていけんさ,関係法令,重要用語;頻出用語,法令で定められた検査。,ボイラーの安全確保のため、設置・使用・継続使用などの段階で法令に基づき行われる検査。,落成検査;性能検査;変更検査,,A,法定検査は、2級ボイラー技士試験で装置の役割・異常時対応・法令上の扱いと結び付けて問われやすい用語です。定義だけでなく、何を防ぐためのものかまで確認しましょう。
附属装置,ふぞくそうち,関係法令,重要用語;頻出用語,ボイラー本体に付属して安全運転を支える装置。,燃焼装置、自動制御装置、給水装置など、ボイラー本体以外で運転に必要な装置。定期自主検査でも問われる。,附属品;定期自主検査;燃焼装置,,A,附属装置は、2級ボイラー技士試験で装置の役割・異常時対応・法令上の扱いと結び付けて問われやすい用語です。定義だけでなく、何を防ぐためのものかまで確認しましょう。
附属品,ふぞくひん,関係法令,重要用語;頻出用語,安全弁・圧力計・水面計などの付属部品。,ボイラーの安全運転に必要な計器や弁類。種類や点検対象として法令問題で頻出。,安全弁;圧力計;水面計,,A,附属品は、2級ボイラー技士試験で装置の役割・異常時対応・法令上の扱いと結び付けて問われやすい用語です。定義だけでなく、何を防ぐためのものかまで確認しましょう。
燃焼装置,ねんしょうそうち,関係法令,重要用語;頻出用語,燃料を燃焼させるための装置群。,バーナ、燃料供給、送風、制御機器などを含む装置。定期自主検査や作業主任者の職務と関連する。,バーナ;燃焼安全装置;定期自主検査,,A,燃焼装置は、2級ボイラー技士試験で装置の役割・異常時対応・法令上の扱いと結び付けて問われやすい用語です。定義だけでなく、何を防ぐためのものかまで確認しましょう。
自動制御装置,じどうせいぎょそうち,関係法令,重要用語;頻出用語,圧力・水位・燃焼などを自動制御する装置。,圧力制御器、水位制御器、燃焼安全装置などを含み、定期自主検査の対象としても重要。,圧力制御器;水位制御器;燃焼安全装置,,A,自動制御装置は、2級ボイラー技士試験で装置の役割・異常時対応・法令上の扱いと結び付けて問われやすい用語です。定義だけでなく、何を防ぐためのものかまで確認しましょう。
返り管,かえりかん,関係法令,重要用語;頻出用語,温水ボイラーで戻り水を受ける配管。,暖房などで使用後の温水がボイラーへ戻る配管。水道など圧力を有する水源との接続条件が問われる。,温水ボイラー;逃がし管;水高計,,A,返り管は、2級ボイラー技士試験で装置の役割・異常時対応・法令上の扱いと結び付けて問われやすい用語です。定義だけでなく、何を防ぐためのものかまで確認しましょう。
逃がし管,にがしかん,関係法令,重要用語;頻出用語,温水の膨張分を逃がすための管。,温水ボイラーで水の膨張による圧力上昇を逃がすために設けられる管。逃がし弁との関係を確認する。,温水ボイラー;逃がし弁;返り管,,A,逃がし管は、2級ボイラー技士試験で装置の役割・異常時対応・法令上の扱いと結び付けて問われやすい用語です。定義だけでなく、何を防ぐためのものかまで確認しましょう。
水圧試験,すいあつしけん,関係法令,重要用語;頻出用語,水圧をかけて強度や漏れを確認する試験。,ボイラーや配管に水圧を加え、漏れや強度を確認する試験。検査・整備の文脈で出題される。,検査;最高使用圧力;ボイラー検査証,,A,水圧試験は、2級ボイラー技士試験で装置の役割・異常時対応・法令上の扱いと結び付けて問われやすい用語です。定義だけでなく、何を防ぐためのものかまで確認しましょう。
圧力容器,あつりょくようき,関係法令,重要用語;頻出用語,内部に圧力を受ける容器。,ボイラーと同様に圧力による危険を持つ設備。ボイラー及び圧力容器安全規則の対象理解に関係する。,ボイラー及び圧力容器安全規則;安全弁;検査,,A,圧力容器は、2級ボイラー技士試験で装置の役割・異常時対応・法令上の扱いと結び付けて問われやすい用語です。定義だけでなく、何を防ぐためのものかまで確認しましょう。
第一種圧力容器,だいいっしゅあつりょくようき,関係法令,重要用語;頻出用語,法令上区分される圧力容器の一種。,内部の圧力や用途により規制対象となる圧力容器。ボイラーとの区別で確認したい。,圧力容器;検査;労働安全衛生法,,A,第一種圧力容器は、2級ボイラー技士試験で装置の役割・異常時対応・法令上の扱いと結び付けて問われやすい用語です。定義だけでなく、何を防ぐためのものかまで確認しましょう。
小規模ボイラー,しょうきぼぼいらー,関係法令,重要用語;頻出用語,規模が小さいボイラーの総称。,伝熱面積や圧力などの条件により通常のボイラーと扱いが異なる場合がある。小型・簡易との違いを確認する。,小型ボイラー;簡易ボイラー;伝熱面積,,A,小規模ボイラーは、2級ボイラー技士試験で装置の役割・異常時対応・法令上の扱いと結び付けて問われやすい用語です。定義だけでなく、何を防ぐためのものかまで確認しましょう。
作業主任者の職務,さぎょうしゅにんしゃのしょくむ,関係法令,重要用語;頻出用語,作業主任者が行うべき安全管理上の職務。,水位・圧力・燃焼状態の監視、急激な負荷変動の防止、安全装置の機能保持などが中心。,ボイラー取扱作業主任者;水位;燃焼状態,,A,作業主任者の職務は、2級ボイラー技士試験で装置の役割・異常時対応・法令上の扱いと結び付けて問われやすい用語です。定義だけでなく、何を防ぐためのものかまで確認しましょう。
急激な負荷変動の防止,きゅうげきなふかへんどうのぼうし,関係法令,重要用語;頻出用語,圧力や水位を急変させないための管理。,作業主任者の職務として、負荷を急変させず安全な燃焼・水位・圧力を保つ考え方。,作業主任者の職務;負荷変動;圧力,,A,急激な負荷変動の防止は、2級ボイラー技士試験で装置の役割・異常時対応・法令上の扱いと結び付けて問われやすい用語です。定義だけでなく、何を防ぐためのものかまで確認しましょう。
標識,ひょうしき,関係法令,重要用語;頻出用語,設備や作業上の注意を示す表示。,ボイラー室や危険箇所で必要事項を表示し、誤操作や危険接近を防ぐための表示。,ボイラー室;安全管理;作業主任者,,A,標識は、2級ボイラー技士試験で装置の役割・異常時対応・法令上の扱いと結び付けて問われやすい用語です。定義だけでなく、何を防ぐためのものかまで確認しましょう。
通路,つうろ,関係法令,重要用語;頻出用語,点検・操作のために確保する通行スペース。,ボイラー室では操作、点検、修理に支障がない通路を確保することが安全上重要。,ボイラー室;炉前;点検スペース,,A,通路は、2級ボイラー技士試験で装置の役割・異常時対応・法令上の扱いと結び付けて問われやすい用語です。定義だけでなく、何を防ぐためのものかまで確認しましょう。
点検スペース,てんけんすぺーす,関係法令,重要用語;頻出用語,点検・修理のために必要な空間。,ボイラーの周囲に確保する操作・点検・修理用の空間。ボイラー室の設置条件で問われる。,炉前;通路;ボイラー室,,A,点検スペースは、2級ボイラー技士試験で装置の役割・異常時対応・法令上の扱いと結び付けて問われやすい用語です。定義だけでなく、何を防ぐためのものかまで確認しましょう。
火災防止,かさいぼうし,関係法令,重要用語;頻出用語,燃料・可燃物による火災を防ぐ管理。,燃料タンク、漏えい、可燃物の配置、換気などを適切に管理し火災を防ぐ考え方。,可燃物;燃料タンク;燃料漏れ,,A,火災防止は、2級ボイラー技士試験で装置の役割・異常時対応・法令上の扱いと結び付けて問われやすい用語です。定義だけでなく、何を防ぐためのものかまで確認しましょう。
