question_no,type,category,tags,stem,preamble,statement_a,statement_b,statement_c,statement_d,choice_1,choice_2,choice_3,choice_4,choice_5,correct,explanation
1,single,ボイラーの構造に関する知識,熱・蒸気・圧力,温度及び圧力に関する記述として、適切でないものは次のうちどれか。,,,,,,セルシウス温度は、水の氷点と沸点を基準に定められた温度である。,絶対温度は、セルシウス温度に約273を加えた値で表される。,圧力計に示される圧力は、一般にゲージ圧力である。,絶対圧力は、ゲージ圧力から大気圧を差し引いた圧力である。,標準大気圧は、約0.101MPaである。,4,絶対圧力は、ゲージ圧力に大気圧を加えた圧力である。
2,single,ボイラーの構造に関する知識,熱・蒸気・圧力,蒸気の性質に関する記述として、適切なものは次のうちどれか。,,,,,,飽和水を同じ圧力の乾き飽和蒸気にする熱を蒸発潜熱という。,乾き飽和蒸気は、必ず水滴を大量に含む蒸気である。,過熱蒸気は、飽和温度より低い温度の蒸気である。,蒸気表では、圧力は常にゲージ圧力だけで表示される。,水の比熱は、圧力に関係なく0である。,1,蒸発潜熱は、飽和水を同圧の乾き飽和蒸気に変えるための熱である。
3,single,ボイラーの構造に関する知識,熱・蒸気・圧力,ボイラー効率に関する記述として、適切でないものは次のうちどれか。,,,,,,燃料の発熱量は、ボイラー効率の算定に関係する。,発生蒸気に与えた熱量と燃料が供給した熱量との関係で評価される。,排ガス熱損失は、効率低下の一因となる。,ボイラー効率は、燃料を多く消費するほど必ず高くなる。,給水温度の上昇は、効率改善に寄与することがある。,4,燃料消費量が増えるだけで効率が高くなるわけではない。
4,single,ボイラーの構造に関する知識,熱・蒸気・圧力,換算蒸発量に関する記述として、適切なものは次のうちどれか。,,,,,,実際蒸発量を一定条件の蒸発量に換算したものである。,燃料タンクの容量を示す値である。,送風機の風量を示す値である。,水面計の長さを示す値である。,安全弁の吹出し圧力を示す値である。,1,換算蒸発量は、ボイラー容量を比較しやすくするための換算値である。
5,single,ボイラーの構造に関する知識,燃焼室・伝熱面,燃焼室及び伝熱面に関する記述として、適切でないものは次のうちどれか。,,,,,,燃焼室は、燃料を燃焼させて熱を発生させる部分である。,燃焼室は、火炉とも呼ばれる。,燃焼室に面する伝熱面では、放射による熱の授受が行われる。,燃焼装置は、燃料の種類に関係なく常に同一構造である。,燃焼室では、燃料と空気の混合状態が燃焼に影響する。,4,燃焼装置は、液体燃料、気体燃料、固体燃料などで構造が異なる。
6,single,ボイラーの構造に関する知識,燃焼室・伝熱面,伝熱面に関する記述として、適切なものは次のうちどれか。,,,,,,高温ガスから水又は蒸気へ熱を伝える面である。,燃料を貯蔵するタンクの内面だけをいう。,燃焼に必要な酸素量を測定する計器である。,安全弁のばねを支える部品である。,ボイラー水の硬度を下げる薬剤である。,1,伝熱面は、燃焼ガスなどの熱をボイラー水又は蒸気へ伝える面である。
7,single,ボイラーの構造に関する知識,水循環・水管ボイラー,ボイラーの水循環に関する記述として、適切でないものは次のうちどれか。,,,,,,温度が上がり気泡を含む水は、上昇しやすい。,温度の低い水は、下降しやすい。,水循環が悪いと、伝熱面の過熱につながることがある。,自然循環は、水と蒸気の密度差を利用する。,水循環が良いほど、伝熱面温度は必ず無限に上昇する。,5,水循環が良いと熱が水へ伝わりやすく、伝熱面の過熱防止に役立つ。
8,single,ボイラーの構造に関する知識,水循環・水管ボイラー,水管ボイラーに関する記述として、適切なものは次のうちどれか。,,,,,,水管内の水又は蒸気を外部から加熱する構造である。,煙管だけで構成されるボイラーである。,必ず低圧小容量にしか用いられない。,蒸気ドラムを持つ形式は存在しない。,高圧化すると必ず使用できなくなる。,1,水管ボイラーは、水管内の水又は蒸気を加熱する構造で、高圧大容量にも適する。
9,single,ボイラーの構造に関する知識,水循環・水管ボイラー,強制循環式水管ボイラーに関する記述として、適切なものは次のうちどれか。,,,,,,循環ポンプによりボイラー水を循環させる。,水循環を全く行わない。,蒸気だけを燃料として燃焼させる。,給水を行わずに運転する。,水面計を取り付けることができない。,1,強制循環式では、循環系路中のポンプで水を循環させる。
10,single,ボイラーの構造に関する知識,炉筒煙管・貫流・鋳鉄製,炉筒煙管ボイラーに関する記述として、適切でないものは次のうちどれか。,,,,,,保有水量が比較的多い。,負荷変動による圧力変動が比較的小さい。,煙管内を燃焼ガスが通る。,高圧大容量ボイラーとして水管ボイラーより常に有利である。,戻り燃焼方式を採用するものがある。,4,高圧大容量には、水管ボイラーが一般に適している。
11,single,ボイラーの構造に関する知識,炉筒煙管・貫流・鋳鉄製,貫流ボイラーに関する記述として、適切なものは次のうちどれか。,,,,,,管系の一端から給水し、他端から蒸気を取り出す。,必ず大きな蒸気ドラムと水ドラムを持つ。,給水処理は不要である。,起動に非常に長時間を要することだけが特徴である。,水循環を良くするため大きな胴を必要とする。,1,貫流ボイラーは、管系を水が一方向に流れながら蒸発する形式である。
12,single,ボイラーの構造に関する知識,炉筒煙管・貫流・鋳鉄製,鋳鉄製ボイラーに関する記述として、適切でないものは次のうちどれか。,,,,,,セクションを組み合わせて構成されるものがある。,主に暖房用などで用いられる。,鋳鉄は衝撃や急激な温度変化に対して注意を要する。,鋼製ボイラーと同様に、どのような高圧にも制限なく使用できる。,組立てや増設に特徴を持つ形式がある。,4,鋳鉄製ボイラーは、構造・材料上の制限があり、高圧用途に無制限に使えるわけではない。
13,single,ボイラーの構造に関する知識,炉筒煙管・貫流・鋳鉄製,パッケージボイラーに関する記述として、適切なものは次のうちどれか。,,,,,,工場で本体、燃焼装置、附属品などを一体的に組み立てたものが多い。,現地で必ず炉筒を鍛造して作る。,燃焼装置を備えないものだけをいう。,ボイラー水を全く使わない形式である。,安全装置を省略するための形式である。,1,パッケージボイラーは、工場組立てにより現地据付を容易にした形式が多い。
14,single,ボイラーの構造に関する知識,附属品・計測器,安全弁に関する記述として、適切なものは次のうちどれか。,,,,,,圧力が所定値を超えたとき蒸気を逃がす安全装置である。,給水中の硬度成分を除去する薬剤である。,燃料油を加熱するための装置である。,燃焼用空気を送るファンである。,ボイラー水を濃縮するためだけに用いる弁である。,1,安全弁は過圧防止のための重要な安全装置である。
15,single,ボイラーの構造に関する知識,附属品・計測器,水面計に関する記述として、適切でないものは次のうちどれか。,,,,,,蒸気ボイラーの水位を確認するために用いる。,水側及び蒸気側の連絡状態が重要である。,水面計の機能試験は重要である。,水面計が閉塞すると正しい水位が分からなくなる。,水面計は燃料の発熱量を測定する計器である。,5,水面計は水位確認のための装置であり、燃料発熱量の測定器ではない。
16,single,ボイラーの構造に関する知識,附属品・計測器,圧力計に関する記述として、適切なものは次のうちどれか。,,,,,,ボイラーの圧力を監視する計器である。,ボイラー水の硬度を下げる装置である。,燃料を霧化するバーナである。,蒸気中のドレンを排出する弁である。,水面計の水位を必ず低く表示する装置である。,1,圧力計は圧力を監視するための基本的な計測器である。
17,single,ボイラーの構造に関する知識,給水・節炭器・空気予熱器,エコノマイザに関する記述として、適切なものは次のうちどれか。,,,,,,排ガスの熱を利用して給水を加熱する。,燃料タンク内の水分を除去する。,炉内に二次空気を吹き込むバーナである。,安全弁の吹出し量を測定する計器である。,ボイラー水のpHを直接表示する水面計である。,1,エコノマイザは排ガス余熱で給水を加熱し、効率向上に役立つ。
18,single,ボイラーの構造に関する知識,給水・節炭器・空気予熱器,空気予熱器に関する記述として、適切でないものは次のうちどれか。,,,,,,燃焼用空気を予熱する。,排ガスの熱を利用するものがある。,燃焼効率の向上に寄与することがある。,水面計の代わりに水位を直接表示する装置である。,低品位燃料の燃焼改善に役立つ場合がある。,4,空気予熱器は燃焼用空気を加熱する装置であり、水位表示装置ではない。
19,single,ボイラーの構造に関する知識,附属品・計測器,蒸気トラップに関する記述として、適切なものは次のうちどれか。,,,,,,蒸気配管や装置に生じたドレンを排出する。,給水中の酸素を化学的に除去する。,燃料油を微粒化する。,ボイラー室の換気量を直接測定する。,燃焼ガス中のNOxを生成する。,1,蒸気トラップは蒸気をできるだけ逃がさず、ドレンを排出する装置である。
20,single,ボイラーの構造に関する知識,附属品・計測器,温水ボイラーの逃がし弁に関する記述として、適切なものは次のうちどれか。,,,,,,水の膨張などで圧力が設定値を超えた場合に水を逃がす。,燃料の粘度を下げるために用いる。,蒸気中の乾き度を直接測定する。,燃焼用空気を圧縮する。,給水中の硬度成分を再生する。,1,逃がし弁は温水ボイラーの過圧を防ぐために用いられる。
21,single,ボイラーの取扱いに関する知識,点火・たき始め,油だきボイラーの点火前に行う事項として、適切でないものは次のうちどれか。,,,,,,炉内を換気する。,水位を確認する。,燃料漏れを確認する。,未燃ガスが残っていても直ちに点火する。,燃焼装置を点検する。,4,未燃ガスが残ったまま点火すると逆火や爆発の危険がある。
22,single,ボイラーの取扱いに関する知識,点火・たき始め,ボイラーのたき始めに関する記述として、適切なものは次のうちどれか。,,,,,,急激な燃焼量増加は避ける。,れんが積みの状態は無視してよい。,水位確認は昇圧後だけでよい。,圧力計の動きは確認しなくてよい。,燃焼開始直後に主蒸気弁を急開する。,1,急激なたき上げは本体やれんが積みに悪影響を与えることがある。
23,single,ボイラーの取扱いに関する知識,点火・たき始め,逆火の原因として、適切でないものは次のうちどれか。,,,,,,着火遅れがある。,炉内に未燃ガスが滞留している。,空気より先に燃料を供給する。,煙道の通風が不足している。,点火前に十分な換気を行う。,5,十分な換気は逆火防止に有効であり、原因ではない。
24,single,ボイラーの取扱いに関する知識,水位・低水位,ボイラー水位の異常低下の原因として、適切でないものは次のうちどれか。,,,,,,給水装置の故障,吹出し弁の閉止不完全,蒸気の大量消費,水面計の閉塞による誤認,給水が正常に連続して行われている状態,5,正常な給水は水位低下の原因ではない。
25,single,ボイラーの取扱いに関する知識,水位・低水位,低水位を発見した場合の対応として、適切でないものは次のうちどれか。,,,,,,燃焼を停止する。,水位計の状態を確認する。,状況に応じて責任者へ連絡する。,原因を確認する。,赤熱している可能性があっても大量の冷水を急に入れる。,5,過熱状態への急給水は危険であり、所定手順に従う必要がある。
26,single,ボイラーの取扱いに関する知識,水位・低水位,水面計の取扱いに関する記述として、適切なものは次のうちどれか。,,,,,,閉塞すると水位を誤認するおそれがある。,運転中は絶対に点検してはならない。,水面計は圧力計の代わりに使用する。,水面計が2個ある場合は、片方の表示だけを常に信じればよい。,水面計の機能試験は不要である。,1,水面計の閉塞は重大事故につながるため、機能確認が重要である。
27,single,ボイラーの取扱いに関する知識,吹出し・水管理,ボイラー水の吹出しに関する記述として、適切なものは次のうちどれか。,,,,,,不純物濃度の低下やスラッジ排出を目的とする。,燃料の発熱量を高めるためだけに行う。,安全弁の設定圧力を変えるために行う。,常に水位を確認せず最大量行う。,給水ポンプの代わりに行う。,1,吹出しは水質管理のための操作であり、過度な吹出しは熱損失となる。
28,single,ボイラーの取扱いに関する知識,吹出し・水管理,ボイラー水のpHに関する記述として、適切でないものは次のうちどれか。,,,,,,腐食やスケール管理に関係する。,酸性・アルカリ性の指標である。,水管理上、一定範囲に保つことが重要である。,pHはボイラー水の状態と無関係である。,薬品処理で調整する場合がある。,4,pHは水管理上の重要な指標である。
29,single,ボイラーの取扱いに関する知識,吹出し・水管理,軟化装置に関する記述として、適切なものは次のうちどれか。,,,,,,カルシウムやマグネシウムなどの硬度成分を低減する。,燃焼用空気の温度を上げる。,蒸気圧力を直接下げる安全弁である。,燃料油を噴霧する装置である。,煙道内のすすを除去する装置である。,1,軟化装置は給水中の硬度成分を除去し、スケール防止に役立つ。
30,single,ボイラーの取扱いに関する知識,吹出し・水管理,脱酸素剤の使用目的として、適切なものは次のうちどれか。,,,,,,給水中の溶存酸素による腐食を抑える。,燃料油の粘度を上げる。,燃焼用空気量を増やす。,安全弁の吹出し量を測定する。,水面計のガラスを着色する。,1,溶存酸素は腐食原因となるため、脱酸素剤で除去することがある。
31,single,ボイラーの取扱いに関する知識,キャリオーバ・スートブロー,キャリオーバの影響として、適切でないものは次のうちどれか。,,,,,,蒸気純度の低下,過熱器への悪影響,配管や機器への障害,水位の確認が困難になること,蒸気の純度が必ず向上すること,5,キャリオーバは蒸気純度を低下させる。
32,single,ボイラーの取扱いに関する知識,キャリオーバ・スートブロー,キャリオーバ発生時の処置として、適切なものは次のうちどれか。,,,,,,燃焼量を下げるなど、状態を安定させる。,主蒸気弁を急開して一気に圧力を下げる。,水質確認を行わない。,水位が高くても吹出しをしない。,原因を確認せず運転を続ける。,1,キャリオーバ時は燃焼量や水位、水質を確認し、急操作を避ける。
33,single,ボイラーの取扱いに関する知識,キャリオーバ・スートブロー,スートブローに関する記述として、適切でないものは次のうちどれか。,,,,,,伝熱面に付着したすすを除去する。,ドレンを抜いた蒸気を用いることが望ましい。,一箇所に長時間吹き付け続けるのがよい。,燃焼状態に注意して行う。,実施後の排ガス温度や通風状態を確認することがある。,3,一箇所への長時間吹付けは損傷の原因となる。
34,single,ボイラーの取扱いに関する知識,保存・停止・清掃,ボイラー停止時の操作として、適切でないものは次のうちどれか。,,,,,,燃料供給を停止する。,炉内換気や冷却状態に注意する。,蒸気弁や給水弁の状態を確認する。,圧力が残っていても直ちにマンホールを開ける。,必要に応じて水位を確認する。,4,圧力が残っている状態で開放するのは危険である。
35,single,ボイラーの取扱いに関する知識,保存・停止・清掃,満水保存法に関する記述として、適切なものは次のうちどれか。,,,,,,休止中の腐食防止を目的として行う保存法の一つである。,ボイラーを完全に乾燥させる保存法である。,燃料タンク内の水分を抜く方法である。,運転中に常時行う燃焼調整法である。,安全弁のばねを交換する方法である。,1,満水保存法は休止中の内面腐食防止を目的とする保存法である。
36,single,ボイラーの取扱いに関する知識,保存・停止・清掃,酸洗浄に関する記述として、適切でないものは次のうちどれか。,,,,,,スケール除去のために行われる。,腐食防止のため抑制剤を用いることがある。,洗浄後には水洗や中和防錆処理を行う。,作業中に発生するガス等への安全対策が必要である。,どのような状態でも、抑制剤や後処理なしで行えばよい。,5,酸洗浄は腐食やガス発生などの危険を伴うため、適切な薬品管理と後処理が必要である。
37,single,ボイラーの取扱いに関する知識,燃焼安全装置,燃焼安全装置の燃料遮断弁が作動する原因として、適切でないものは次のうちどれか。,,,,,,異常消火,低水位,送風量低下,油圧異常,正常な水位で安定燃焼していること,5,正常運転状態は燃料遮断弁作動の原因ではない。
38,single,ボイラーの取扱いに関する知識,燃焼安全装置,安全弁の試験に関する記述として、適切なものは次のうちどれか。,,,,,,吹出し圧力や吹止まり圧力を確認する。,作動しない場合は圧力をさらに無制限に上げる。,調整後の確認は不要である。,安全弁は一度取り付ければ永久に点検不要である。,逃がし弁は燃料流量調節だけに用いる。,1,安全弁は設定どおり作動するか確認することが重要である。
39,single,ボイラーの取扱いに関する知識,保存・停止・清掃,内面腐食の原因として、適切なものは次のうちどれか。,,,,,,給水中の溶存酸素,水面計の照明色,燃料タンクの外面塗装,煙突の高さだけ,蒸気配管の保温材の色,1,溶存酸素や不適切な水質は内面腐食の原因となる。
40,single,ボイラーの取扱いに関する知識,水位・低水位,ガラス水面計の機能試験を行う時期として、適切なものは次のうちどれか。,,,,,,補修後や運転開始時など、機能確認が必要なとき。,一度取り付けた直後だけでよい。,異常水位が疑われるときでも行ってはならない。,水面計は試験できない装置である。,燃料タンクの清掃時だけ行う。,1,水面計は水位確認の重要装置であり、必要な時期に機能試験を行う。
41,single,燃料及び燃焼に関する知識,燃料性質・発熱量,高発熱量と低発熱量に関する記述として、適切でないものは次のうちどれか。,,,,,,高発熱量は水蒸気の凝縮潜熱を含む。,低発熱量は高発熱量より小さい。,燃料中の水素分は両者の差に影響する。,低発熱量は高発熱量に凝縮潜熱を加えたものである。,ボイラー効率計算では発熱量を用いる。,4,低発熱量は、高発熱量から凝縮潜熱相当分を差し引く考え方である。
42,single,燃料及び燃焼に関する知識,燃料性質・発熱量,引火点に関する記述として、適切なものは次のうちどれか。,,,,,,液体燃料から発生した蒸気に小火炎を近づけたとき、瞬間的に燃え始める最低温度である。,燃料が自然に燃え始める最低温度である。,燃焼ガスの露点と同じ意味である。,燃料中の灰分量を示す値である。,水の比熱を示す値である。,1,引火点は、液体燃料蒸気が小火炎で引火する最低温度である。自然発火温度とは異なる。
43,single,燃料及び燃焼に関する知識,燃料性質・発熱量,燃料中の灰分に関する記述として、適切でないものは次のうちどれか。,,,,,,多いと灰や付着物の原因となる。,伝熱障害の原因となることがある。,燃焼後に残る無機質分に関係する。,多いほど常にボイラー効率が向上する。,燃料管理上の性質の一つである。,4,灰分が多いと付着や伝熱障害の原因となり、効率向上とは限らない。
44,single,燃料及び燃焼に関する知識,燃料性質・発熱量,液体燃料の性質として、適切なものは次のうちどれか。,,,,,,粘度は温度の影響を受ける。,温度が変わっても粘度は全く変化しない。,水分が混入しても燃焼には一切影響しない。,引火点は燃料管理に無関係である。,比重や密度は常に0である。,1,重油などの粘度は温度により変化し、燃焼や噴霧状態に影響する。
45,single,燃料及び燃焼に関する知識,重油・低温腐食,重油に含まれる硫黄分の影響として、適切なものは次のうちどれか。,,,,,,硫黄酸化物や低温腐食に関係する。,燃焼に全く関係しない。,水の硬度を下げる。,ボイラー水位を直接上げる。,安全弁の作動圧力を自動調整する。,1,硫黄分はSOxや低温腐食に関係する重要な成分である。
46,single,燃料及び燃焼に関する知識,重油・低温腐食,低温腐食の抑制方法として、適切でないものは次のうちどれか。,,,,,,硫黄分の少ない燃料を用いる。,空気漏入を防止する。,排ガス温度が露点以下になりにくいよう管理する。,燃焼ガス中の酸素濃度を必要以上に高くしてSO3生成を促進する。,添加剤を使用することがある。,4,SO3生成や露点上昇につながる管理は低温腐食抑制として不適切である。
47,single,燃料及び燃焼に関する知識,重油・低温腐食,重油中の水分及びスラッジに関する記述として、適切でないものは次のうちどれか。,,,,,,燃焼不良の原因となることがある。,配管やストレーナの詰まりに関係することがある。,貯蔵管理上注意が必要である。,多いほど燃焼状態は必ず安定する。,燃料タンクの管理に関係する。,4,水分やスラッジは燃焼や供給系統の障害になることがある。
48,single,燃料及び燃焼に関する知識,油バーナ,圧力噴霧式バーナに関する記述として、適切なものは次のうちどれか。,,,,,,燃料油に圧力を加え、ノズルから噴霧する。,燃料を霧化せず塊のまま燃やす。,必ず蒸気だけを霧化媒体にする。,空気を全く必要としない。,燃焼量調節が不可能である。,1,圧力噴霧式は、加圧した燃料油をノズルで霧化する方式である。
49,single,燃料及び燃焼に関する知識,油バーナ,戻り油式圧力噴霧バーナに関する記述として、適切なものは次のうちどれか。,,,,,,一部の油を戻すことで燃焼量調節範囲を広げる。,燃料をすべて燃焼室外へ排出する方式である。,燃焼量調節が全くできない。,水だけを噴霧するバーナである。,ガス専焼バーナの一種である。,1,戻り油式は、戻り油量を調整して噴射量を変え、ターンダウン範囲を広げる。
50,single,燃料及び燃焼に関する知識,油バーナ,回転式バーナに関する記述として、適切なものは次のうちどれか。,,,,,,回転カップなどの遠心力を利用して燃料を微粒化する。,水管内で蒸気を凝縮させる装置である。,安全弁の一種である。,燃料油を加熱せず固体のまま供給する。,燃焼用空気を完全に不要にする。,1,回転式バーナは、遠心力を利用して油を微粒化する。
51,single,燃料及び燃焼に関する知識,油バーナ,ガンタイプバーナに関する記述として、適切でないものは次のうちどれか。,,,,,,小容量ボイラーに用いられることが多い。,ファンと圧力噴霧式バーナを組み合わせたものがある。,自動制御に適したものがある。,燃焼用空気を全く送らない方式だけをいう。,油だき小形ボイラーに見られる形式である。,4,ガンタイプバーナは、ファンで燃焼用空気を供給する形式が多い。
52,single,燃料及び燃焼に関する知識,気体燃料・燃焼方式,気体燃料の燃焼に関する記述として、適切なものは次のうちどれか。,,,,,,空気との混合が比較的容易である。,霧化媒体が必ず必要である。,漏えいしても安全管理は不要である。,点火及び消火が油燃料より必ず困難である。,燃焼制御ができない。,1,気体燃料は空気と混合しやすいが、漏えい対策など安全管理が重要である。
53,single,燃料及び燃焼に関する知識,気体燃料・燃焼方式,ガス燃焼方式に関する記述として、適切でないものは次のうちどれか。,,,,,,予混合燃焼では、燃料ガスと空気をあらかじめ混合する。,拡散燃焼では、燃焼しながら燃料と空気が混合する。,燃焼方式により火炎の形状や安定性が変わる。,ガス燃焼では爆発範囲や漏えいに注意する。,ガス燃焼では燃料と空気の混合状態は全く影響しない。,5,ガス燃焼では燃料と空気の混合状態が燃焼に大きく影響する。
54,single,燃料及び燃焼に関する知識,気体燃料・燃焼方式,気体燃料を用いる場合の安全管理として、適切なものは次のうちどれか。,,,,,,漏えい検知や換気に注意する。,配管の気密は確認しなくてよい。,点火前換気は不要である。,燃焼安全装置は不要である。,ガス圧の異常は燃焼に影響しない。,1,気体燃料では漏えい、換気、ガス圧、燃焼安全装置の管理が重要である。
55,single,燃料及び燃焼に関する知識,通風・ファン,通風に関する記述として、適切でないものは次のうちどれか。,,,,,,自然通風は煙突内外の密度差を利用する。,押込通風は燃焼用空気を押し込む。,誘引通風は燃焼ガスを引き出す。,平衡通風は押込と誘引を組み合わせる。,通風方式は燃焼状態に一切影響しない。,5,通風方式は燃焼状態、炉内圧、必要動力などに影響する。
56,single,燃料及び燃焼に関する知識,通風・ファン,多翼形ファンに関する記述として、適切なものは次のうちどれか。,,,,,,前向きの羽根を多数設けたファンである。,燃料油を加熱する装置である。,水面計の一種である。,安全弁のばねである。,給水中の硬度を除去する薬剤である。,1,多翼形ファンは、多数の前向き羽根を持つ遠心ファンである。
57,single,燃料及び燃焼に関する知識,通風・ファン,誘引通風に関する記述として、適切なものは次のうちどれか。,,,,,,燃焼ガスをファンで引き出す。,燃焼用空気を炉内に押し込むだけの方式である。,煙突を全く必要としない化学薬品である。,給水を加熱する装置である。,燃料タンクの水抜き方式である。,1,誘引通風は、誘引ファンで燃焼ガスを吸い出す方式である。
58,single,燃料及び燃焼に関する知識,通風・ファン,平衡通風に関する記述として、適切でないものは次のうちどれか。,,,,,,押込ファンと誘引ファンを併用する。,炉内圧を調整しやすい。,通風抵抗が大きいボイラーに用いられることがある。,燃焼調節に関係する。,燃焼用空気も燃焼ガスも全く動かさない方式である。,5,平衡通風は押込ファンと誘引ファンにより空気と燃焼ガスの流れを調整する。
59,single,燃料及び燃焼に関する知識,空気比・NOx・熱損失,空気比に関する記述として、適切なものは次のうちどれか。,,,,,,実際空気量を理論空気量で除した値である。,常に0でなければならない。,燃焼とは無関係である。,排ガス中酸素濃度とは関係しない。,燃料の種類にかかわらず常に同じ値で固定する。,1,空気比は実際空気量/理論空気量で表す。過大な空気比は熱損失増加につながる。
60,single,燃料及び燃焼に関する知識,空気比・NOx・熱損失,NOx抑制方法として、適切なものは次のうちどれか。,,,,,,燃焼温度を局所的に高くしすぎない。,炉内酸素濃度を必要以上に高くする。,窒素分の多い燃料だけを選ぶ。,排ガス再循環を必ず禁止する。,燃焼管理を行わない。,1,NOx抑制では、局所高温域の抑制や低NOx燃焼などが有効である。
61,single,関係法令,伝熱面積・ボイラー種別,ボイラーの伝熱面積に関する記述として、法令上、適切なものは次のうちどれか。,,,,,,伝熱面積は、ボイラーの区分や取扱資格に関係することがある。,すべての附属配管の外面積を必ず算入する。,エコノマイザは常に本体伝熱面積に算入する。,伝熱面積は燃料タンク容量だけで決まる。,伝熱面積は法令上全く意味を持たない。,1,伝熱面積はボイラーの規模判断や法令適用に関係する。
62,single,関係法令,伝熱面積・ボイラー種別,水管ボイラーの伝熱面積に関する記述として、法令上、適切でないものは次のうちどれか。,,,,,,水管の伝熱面は算定対象となる。,耐火れんがで覆われた部分の扱いには注意を要する。,管寄せなどの扱いは法令上の定めに従う。,どの部分も名称に関係なくすべて二倍して算入する。,ボイラー種別により算定方法が異なることがある。,4,伝熱面積は種類や部位ごとの算定方法に従って扱う。
63,single,関係法令,伝熱面積・ボイラー種別,貫流ボイラーに関する法令上の扱いとして、適切なものは次のうちどれか。,,,,,,伝熱面積や附属品に関する規定が問題となることがある。,法令上は常にボイラーではない。,給水装置に関する規定は全くない。,安全装置は不要である。,検査や届出の対象になることはない。,1,貫流ボイラーも、規模や用途により法令上の規定対象となる。
64,single,関係法令,伝熱面積・ボイラー種別,鋳鉄製温水ボイラーに関する法令問題で問われやすいものは次のうちどれか。,,,,,,取り付ける附属品,燃料の総発熱量だけ,煙突内ガスの密度だけ,水の比熱だけ,油バーナのターンダウン比だけ,1,鋳鉄製温水ボイラーでは、附属品や取扱資格などが頻出である。
65,single,関係法令,設置・ボイラー室,ボイラー設置に関する記述として、法令上、適切なものは次のうちどれか。,,,,,,一定のボイラーでは、設置届や落成検査が関係する。,設置手続は一切不要である。,ボイラー室の構造は法令上問われない。,検査は常に使用後10年経ってから初めて行う。,設置者ではなく燃料販売店だけが手続を行う。,1,ボイラーの種類や規模により、設置届や落成検査などが関係する。
66,single,関係法令,設置・ボイラー室,ボイラー室に関する記述として、法令上、適切でないものは次のうちどれか。,,,,,,ボイラーの周囲には点検や取扱いに必要な空間が求められる。,出入口や構造に関する規定が問題となることがある。,必要な場合、専用の建物又は区画が求められることがある。,どのようなボイラーでも住居の寝室内に自由に設置できる。,ボイラー室の安全確保は重要である。,4,ボイラー室や設置場所には法令上の制限がある。
67,single,関係法令,設置・ボイラー室,落成検査に関する記述として、適切なものは次のうちどれか。,,,,,,設置後、使用前に受ける検査として問われることがある。,燃料購入量を確認するだけの検査である。,ボイラー検査証と一切関係しない。,どのボイラーにも一律に不要である。,運転者が任意に省略できる。,1,落成検査は、設置後の使用前検査として出題されることが多い。
68,single,関係法令,設置・ボイラー室,使用を廃止したボイラーを再び設置する場合の手続に関する記述として、適切なものは次のうちどれか。,,,,,,使用検査や設置届などが関係する場合がある。,過去に使っていれば検査は永久に不要である。,燃料を入れれば直ちに使用できる。,法令手続は取扱作業主任者の口頭確認だけで足りる。,検査証の有無は全く関係しない。,1,廃止後の再設置では、使用検査や設置届などの手続が問われることがある。
69,single,関係法令,検査・検査証,ボイラー検査証に関する記述として、適切なものは次のうちどれか。,,,,,,有効期間があり、更新には性能検査が関係する。,一度交付されれば永久に更新不要である。,紛失しても再交付制度はない。,検査証は燃料タンクにだけ交付される。,検査証の有効期間は事業者が自由に決める。,1,ボイラー検査証には有効期間があり、更新には性能検査が関係する。
70,single,関係法令,検査・検査証,性能検査に関する記述として、適切なものは次のうちどれか。,,,,,,検査証の有効期間更新に関係する。,燃料の銘柄を決める検査である。,水の比熱を測定するだけの検査である。,検査証とは無関係である。,取扱作業主任者の年齢だけを確認する。,1,性能検査は、検査証の有効期間更新と関係する重要な検査である。
71,single,関係法令,検査・検査証,変更検査に関する記述として、適切でないものは次のうちどれか。,,,,,,主要部分の変更で必要となる場合がある。,所轄労働基準監督署長が関係する場合がある。,胴や過熱器などの変更が問題となることがある。,どのような変更でも、検査や届出の対象になることは絶対にない。,変更内容により手続が異なることがある。,4,主要部分や設備の変更では、届出や変更検査が必要となる場合がある。
72,single,関係法令,検査・検査証,ボイラー検査証の再交付又は書替えに関する記述として、適切なものは次のうちどれか。,,,,,,紛失や記載事項変更などで手続が必要となる場合がある。,検査証は一切書替えできない。,事業者変更があっても常に何も必要ない。,検査証は水面計に貼れば法令手続は不要になる。,再交付は燃料販売店だけが行う。,1,検査証の滅失や記載事項変更では、再交付・書替えが問題となる。
73,single,関係法令,作業主任者・取扱資格,ボイラー取扱作業主任者の職務として、適切なものは次のうちどれか。,,,,,,圧力、水位及び燃焼状態を監視する。,安全弁の状態を一切見ない。,急激な負荷変動を積極的に与える。,水面計を取り外して運転する。,燃料遮断弁を常に無効化する。,1,作業主任者は、圧力、水位、燃焼状態などを監視し、安全運転に努める。
74,single,関係法令,作業主任者・取扱資格,二級ボイラー技士を作業主任者に選任できる範囲に関する記述として、適切なものは次のうちどれか。,,,,,,ボイラーの種類や伝熱面積により制限を受ける。,すべてのボイラーで無制限に選任できる。,法令上、二級ボイラー技士は作業主任者になれない。,燃料が重油なら必ず選任不要である。,水管ボイラーでは伝熱面積に関係しない。,1,作業主任者に選任できる資格範囲は、ボイラーの種類や規模により異なる。
75,single,関係法令,作業主任者・取扱資格,ボイラー取扱作業主任者の職務として、適切でないものは次のうちどれか。,,,,,,急激な負荷変動を避けるよう努める。,安全弁の機能保持に注意する。,燃焼状態を監視する。,ボイラー排水や水質管理に注意する。,安全装置を取り外して運転するよう指示する。,5,安全装置を取り外して運転することは不適切である。
76,single,関係法令,附属品・安全弁・圧力計,鋼製蒸気ボイラーの圧力計に関する記述として、適切でないものは次のうちどれか。,,,,,,圧力を確認しやすいように取り付ける。,コック又は弁の開閉状態が分かるようにする。,著しい振動を避ける。,内部が凍結しないようにする。,目盛りを隠し、圧力を読めないようにする。,5,圧力計は見やすく、圧力を確実に確認できるようにする。
77,single,関係法令,附属品・安全弁・圧力計,安全弁に関する法令上の記述として、適切なものは次のうちどれか。,,,,,,ボイラーの過圧を防ぐ重要な附属品である。,燃焼用空気量を増やすファンである。,給水中の硬度を除去する装置である。,水位を表示するガラス管である。,燃料の引火点を測定する器具である。,1,安全弁は過圧防止のための重要な附属品である。
78,single,関係法令,附属品・安全弁・圧力計,温水ボイラーの返り管に関する記述として、適切なものは次のうちどれか。,,,,,,水道など圧力を有する水源との接続が法令問題で問われることがある。,必ず蒸気を過熱するためだけに用いる。,燃料油を霧化するノズルである。,煙突の通風力を測定する計器である。,ボイラー水とは無関係の部品である。,1,温水ボイラーや鋳鉄製ボイラーでは、返り管や給水源との関係が問われる。
79,single,関係法令,附属品・安全弁・圧力計,鋳鉄製温水ボイラーに取り付ける附属品として、法令問題で問われやすいものは次のうちどれか。,,,,,,温度計又は水高計などの計器類,燃料の総発熱量表だけ,通勤経路図,作業者の身長計,燃料販売契約書,1,鋳鉄製温水ボイラーでは、温度計、水高計、逃がし管などの附属品が問われやすい。
80,single,関係法令,附属品・安全弁・圧力計,貫流ボイラーの附属品に関する記述として、適切でないものは次のうちどれか。,,,,,,安全弁などの安全装置が問われる。,給水装置に関する規定が問われることがある。,過熱器がある場合、ドレン抜きが問題となることがある。,燃焼安全装置が問題となることがある。,法令上、附属品に関する規定は一切存在しない。,5,貫流ボイラーにも附属品や安全装置に関する規定がある。
81,single,ボイラーの構造に関する知識,熱・蒸気・圧力,飽和蒸気に関する記述として、適切なものは次のうちどれか。,,,,,,同じ圧力で水と蒸気が平衡している状態の蒸気である。,必ず飽和温度より低い温度で存在する。,圧力が変わっても飽和温度は全く変わらない。,水分を含む蒸気はすべて過熱蒸気である。,蒸気表では扱われない。,1,飽和蒸気は、同じ圧力で水と蒸気が平衡している状態の蒸気である。
82,single,ボイラーの構造に関する知識,熱・蒸気・圧力,過熱蒸気に関する記述として、適切でないものは次のうちどれか。,,,,,,飽和温度を超えて加熱された蒸気である。,蒸気タービンなどで利用されることがある。,乾き飽和蒸気をさらに加熱して得られる。,同じ圧力の飽和蒸気より温度が低い。,過熱器でつくられることがある。,4,過熱蒸気は同じ圧力の飽和温度より高温の蒸気である。
83,single,ボイラーの構造に関する知識,熱・蒸気・圧力,仕事率及び熱量に関する記述として、適切なものは次のうちどれか。,,,,,,1Wは1J/sである。,1kWhは1Jより小さい。,仕事率は温度の単位である。,熱量は圧力計だけで直接読む。,kJは長さの単位である。,1,Wは仕事率の単位で、1W=1J/sである。
84,single,ボイラーの構造に関する知識,燃焼室・伝熱面,放射伝熱面に関する記述として、適切なものは次のうちどれか。,,,,,,火炎や高温ガスからの放射熱を受ける伝熱面である。,給水ポンプの羽根車をいう。,燃料タンクの底板だけをいう。,水面計のガラス管をいう。,安全弁のばねをいう。,1,燃焼室に面する水冷壁などは放射熱を多く受ける。
85,single,ボイラーの構造に関する知識,燃焼室・伝熱面,接触伝熱面に関する記述として、適切なものは次のうちどれか。,,,,,,燃焼ガスとの接触により熱を受ける伝熱面である。,燃料を貯蔵する面だけをいう。,空気予熱器の送風機だけをいう。,安全弁の吹出し管だけをいう。,圧力計の目盛盤だけをいう。,1,煙管など、ガスとの接触で熱を受ける面は接触伝熱面として扱われる。
86,single,ボイラーの構造に関する知識,水循環・水管ボイラー,自然循環式ボイラーの循環力に関する記述として、適切なものは次のうちどれか。,,,,,,水と蒸気を含む水との密度差が循環力に関係する。,循環力は燃料タンクの色だけで決まる。,密度差は循環に関係しない。,常に給水ポンプを使わなければ循環しない。,水位がなくても循環は安全に維持される。,1,自然循環は水と気泡を含む水との密度差を利用する。
87,single,ボイラーの構造に関する知識,水循環・水管ボイラー,水管ボイラーの特徴として、適切でないものは次のうちどれか。,,,,,,高圧大容量に適した形式がある。,水管を通る水又は蒸気が加熱される。,炉壁を水冷壁にできる形式がある。,必ず煙管だけで構成される。,自然循環式や強制循環式がある。,4,煙管だけで構成されるのは水管ボイラーの説明ではない。
88,single,ボイラーの構造に関する知識,炉筒煙管・貫流・鋳鉄製,貫流ボイラーの給水処理に関する記述として、適切なものは次のうちどれか。,,,,,,細い管内で蒸発が進むため、十分な給水処理が重要である。,給水処理は絶対に不要である。,硬度成分が多いほど常に安全である。,スケールは発生しない構造なので管理不要である。,給水中の不純物は燃焼用空気に変わる。,1,貫流ボイラーでは管内で蒸発が進むため、給水処理が重要である。
89,single,ボイラーの構造に関する知識,炉筒煙管・貫流・鋳鉄製,炉筒煙管ボイラーの保有水量に関する記述として、適切なものは次のうちどれか。,,,,,,水管ボイラーに比べて保有水量が多いものが多く、圧力変動が比較的小さい。,保有水量は常にゼロである。,保有水量が多いほど起動は必ず瞬時に完了する。,負荷変動と圧力変動は全く関係しない。,保有水量は燃料中の硫黄分で決まる。,1,炉筒煙管ボイラーは保有水量が多く、圧力変動が比較的小さい傾向がある。
90,single,ボイラーの構造に関する知識,炉筒煙管・貫流・鋳鉄製,鋳鉄製ボイラーの取扱いで注意すべき事項として、適切なものは次のうちどれか。,,,,,,急激な温度変化や衝撃に注意する。,どのような急冷にも強く、注意は不要である。,高圧大容量専用である。,水を使わない形式である。,附属品は取り付けられない。,1,鋳鉄は衝撃や急激な温度変化に注意が必要である。
91,single,ボイラーの構造に関する知識,附属品・計測器,二色水面計に関する記述として、適切なものは次のうちどれか。,,,,,,水部と蒸気部を色の違いで見分ける方式である。,燃料の硫黄分を色で測定する方式である。,圧力計の一種である。,給水ポンプの形式である。,通風力を測るU字管である。,1,二色水面計は、光の性質を利用して水部と蒸気部を判別しやすくする水面計である。
92,single,ボイラーの構造に関する知識,附属品・計測器,ブルドン管圧力計の取扱いとして、適切なものは次のうちどれか。,,,,,,高温蒸気が直接入らないようサイホン管などを用いる。,蒸気を直接ブルドン管へ常に流し込む。,水面計の代わりに水位を測る。,燃料油を霧化する。,ボイラー水の硬度を下げる。,1,圧力計保護のため、サイホン管などで蒸気が直接入るのを防ぐ。
93,single,ボイラーの構造に関する知識,附属品・計測器,水高計に関する記述として、適切なものは次のうちどれか。,,,,,,温水ボイラーの圧力又は水頭を示す計器として扱われる。,蒸気の乾き度を測定する計器である。,燃料の引火点を測る計器である。,煙突の高さを自動調整する装置である。,ボイラー水の硬度を除去する装置である。,1,水高計は温水ボイラーの圧力状態を把握するために用いられる。
94,single,ボイラーの構造に関する知識,給水・節炭器・空気予熱器,給水内管に関する記述として、適切なものは次のうちどれか。,,,,,,給水をボイラー内に分配するため、多数の穴を設けるものがある。,燃料を霧化するためのノズルである。,煙道ガスを排出する煙突である。,安全弁のばねである。,通風計の液柱である。,1,給水内管は給水を胴又はドラム内に分配するために設けられる。
95,single,ボイラーの構造に関する知識,給水・節炭器・空気予熱器,給水逆止め弁に関する記述として、適切でないものは次のうちどれか。,,,,,,ボイラー水の逆流を防止する。,給水管に設けられる。,給水弁と組み合わせて設けられることがある。,逆流防止に関係する。,燃焼ガス中のNOxを除去する薬剤である。,5,給水逆止め弁は逆流防止の弁であり、NOx除去薬剤ではない。
96,single,ボイラーの構造に関する知識,給水・節炭器・空気予熱器,エコノマイザの取扱いで注意する事項として、適切なものは次のうちどれか。,,,,,,給水の加熱により効率向上を図るが、低温腐食などにも注意する。,水面計を不要にするために設ける。,安全弁の吹出し圧力を直接決める。,燃料タンクの水分を測定する。,蒸気トラップの代わりにドレンだけを排出する。,1,エコノマイザは給水加熱に有効だが、排ガス温度低下による腐食にも注意が必要である。
97,single,ボイラーの構造に関する知識,自動制御・燃焼安全装置,オンオフ動作に関する記述として、適切なものは次のうちどれか。,,,,,,制御対象の状態により燃焼と停止などを切り替える。,偏差に比例して連続的に操作量だけを変える方式である。,必ず手動操作だけで行う。,水面計の色を変える方式である。,燃料の硫黄分を除去する方式である。,1,オンオフ動作は、設定値を境に燃焼・停止などを切り替える制御である。
98,single,ボイラーの構造に関する知識,自動制御・燃焼安全装置,燃焼安全装置の構成機器として、適切なものは次のうちどれか。,,,,,,火炎検出器,水処理用食塩槽,煙突の避雷針だけ,作業主任者名簿,燃料販売伝票,1,火炎検出器は異常消火などを検出する燃焼安全装置の重要機器である。
99,single,ボイラーの構造に関する知識,自動制御・燃焼安全装置,蒸気圧力調節器に関する記述として、適切なものは次のうちどれか。,,,,,,蒸気圧力に応じて燃焼量を制御するために用いられる。,給水中の硬度を除去する薬品である。,煙管内のすすだけを排出する装置である。,ボイラー室の照明器具である。,燃料の灰分を測る容器である。,1,蒸気圧力調節器は蒸気圧力制御に用いられる。
100,single,ボイラーの構造に関する知識,自動制御・燃焼安全装置,水位検出器に関する記述として、適切でないものは次のうちどれか。,,,,,,水位の異常を検出する。,低水位時に燃焼停止などに関係する。,水側・蒸気側連絡管の状態が重要である。,燃料の発熱量を直接高くする薬剤である。,複数方式を用いる場合がある。,4,水位検出器は水位異常検出のための装置であり、燃料発熱量を変えるものではない。
101,single,ボイラーの取扱いに関する知識,点火・たき始め,プレパージの目的として、適切なものは次のうちどれか。,,,,,,炉内や煙道内の未燃ガスを排出する。,ボイラー水の硬度を下げる。,安全弁のばねを強くする。,燃料の発熱量を測定する。,水面計のガラスを洗浄するだけである。,1,プレパージは点火前に未燃ガスを排出し、逆火や爆発を防ぐために行う。
102,single,ボイラーの取扱いに関する知識,点火・たき始め,たき始め時の水位変化に関する記述として、適切なものは次のうちどれか。,,,,,,水温上昇や蒸気発生により水位が変動するため注意して監視する。,水位は絶対に変動しない。,水位計は点火後すぐ取り外す。,水位が見えなくても運転を続ける。,水位は燃料タンクの色で判断する。,1,たき始め時は水位が変動しやすく、複数の水面計の一致などを確認する。
103,single,ボイラーの取扱いに関する知識,点火・たき始め,ボイラー昇圧時の圧力計の確認として、適切なものは次のうちどれか。,,,,,,指針の上昇が円滑か確認する。,指針が動かない方が安全である。,圧力計は昇圧時に隠しておく。,圧力計は水位確認にだけ用いる。,圧力計は燃焼用空気の湿度を示す。,1,昇圧時には圧力計の指針が円滑に動くか確認する。
104,single,ボイラーの取扱いに関する知識,水位・低水位,水面計の吹出し操作に関する記述として、適切なものは次のうちどれか。,,,,,,水側・蒸気側の連絡を確認し、閉塞を防ぐ目的で行う。,燃料油の粘度を下げるために行う。,煙突の高さを調整するために行う。,燃焼用空気を加熱するために行う。,安全弁のばねを交換するために行う。,1,水面計の吹出しは連絡管の閉塞確認・排出のために行う。
105,single,ボイラーの取扱いに関する知識,水位・低水位,験水コックがある場合の確認として、適切なものは次のうちどれか。,,,,,,水部のコックから水が出ることを確認する。,蒸気部のコックから燃料油が出ることを確認する。,すべてのコックを溶接で閉じる。,確認せずに水面計を外す。,水が出ないほど正常である。,1,験水コックは水位確認の補助として用いられ、水部から水が出ることを確認する。
106,single,ボイラーの取扱いに関する知識,水位・低水位,給水内管の穴が閉塞した場合に起こり得ることとして、適切なものは次のうちどれか。,,,,,,給水分布が悪くなり、水位管理に支障を生じる。,燃料の硫黄分がゼロになる。,安全弁が不要になる。,空気比が必ず1になる。,煙突の高さが変わる。,1,給水内管の閉塞は給水状態を悪化させる。
107,single,ボイラーの取扱いに関する知識,吹出し・水管理,ボイラー水の濃縮が進みすぎた場合の影響として、適切なものは次のうちどれか。,,,,,,キャリオーバやスケール障害につながることがある。,蒸気の純度が必ず向上する。,燃料消費が必ずゼロになる。,安全弁が作動しなくてもよくなる。,水面計が不要になる。,1,ボイラー水の過度な濃縮は障害の原因となる。
108,single,ボイラーの取扱いに関する知識,吹出し・水管理,酸消費量に関する記述として、適切なものは次のうちどれか。,,,,,,ボイラー水の水質管理指標の一つである。,燃料タンク容量の単位である。,煙突の通風力を直接表す。,安全弁の吹出し量を表す。,水面計の長さだけを示す。,1,酸消費量は水質管理で扱う指標である。
109,single,ボイラーの取扱いに関する知識,吹出し・水管理,硬度成分に関する記述として、適切でないものは次のうちどれか。,,,,,,カルシウムやマグネシウムが関係する。,スケール発生の原因となる。,軟化処理で低減する。,多いほど常に伝熱が良くなる。,給水管理で重要である。,4,硬度成分はスケールの原因となり、伝熱を悪化させることがある。
110,single,ボイラーの取扱いに関する知識,吹出し・水管理,清缶剤の目的として、適切でないものは次のうちどれか。,,,,,,スケールの付着防止,腐食の抑制,硬度成分の処理,ボイラー水の適切な管理,燃料中の硫黄分を燃焼前に完全除去することだけ,5,清缶剤はボイラー水側の障害防止に使われ、燃料硫黄分の完全除去だけを目的とするものではない。
111,single,ボイラーの取扱いに関する知識,キャリオーバ・スートブロー,プライミングに関する記述として、適切なものは次のうちどれか。,,,,,,ボイラー水が激しく泡立ち、蒸気に水分が混入しやすくなる現象である。,燃料油を加熱する装置である。,安全弁の設定圧力を下げる操作である。,煙突内の自然通風力を測る単位である。,給水ポンプの羽根車形状である。,1,プライミングは水分の蒸気への混入を招き、キャリオーバの原因となる。
112,single,ボイラーの取扱いに関する知識,キャリオーバ・スートブロー,フォーミングに関する記述として、適切なものは次のうちどれか。,,,,,,ボイラー水面に泡が発生し、水位確認や蒸気純度に影響する。,燃料中の灰分を測定する試験である。,安全弁のばね材料である。,煙道ガスを冷却する装置である。,圧力計の目盛盤の直径である。,1,フォーミングは泡立ちにより水位確認や蒸気純度に影響を与える。
113,single,ボイラーの取扱いに関する知識,キャリオーバ・スートブロー,スートブロー時の注意として、適切なものは次のうちどれか。,,,,,,ドレンを抜いた蒸気を用い、一箇所に長く吹き付けない。,燃焼停止直後に必ず水を噴射する。,ドレンを多く含む蒸気を積極的に使う。,安全弁を取り外してから行う。,水面計を閉じたまま長時間行う。,1,スートブローは乾いた蒸気を用い、損傷を避けるため一箇所への長時間吹付けを避ける。
114,single,ボイラーの取扱いに関する知識,保存・停止・清掃,乾燥保存法に関する記述として、適切なものは次のうちどれか。,,,,,,ボイラー内部を乾燥状態に保ち、腐食を防ぐ保存法である。,ボイラー内を水で満たす保存法である。,運転中の水位調整法である。,燃料油の引火点測定法である。,安全弁の吹出し試験である。,1,乾燥保存法は休止中の内部腐食を防ぐために乾燥状態を保つ。
115,single,ボイラーの取扱いに関する知識,保存・停止・清掃,長期休止中のボイラー管理として、適切でないものは次のうちどれか。,,,,,,腐食防止を考慮する。,保存法を休止期間に応じて選ぶ。,内部状態を確認する。,水や湿気の影響に注意する。,休止中は腐食が絶対に起こらないので管理不要である。,5,休止中も湿気や溶存酸素により腐食が起こるため管理が必要である。
116,single,ボイラーの取扱いに関する知識,保存・停止・清掃,酸洗浄作業で注意すべき事項として、適切なものは次のうちどれか。,,,,,,薬品、発生ガス、腐食防止、後処理に注意する。,抑制剤は常に不要である。,水洗や中和は行ってはならない。,火気管理は不要である。,作業中の安全確認は不要である。,1,酸洗浄では薬品管理、抑制剤、換気、火気管理、後処理が重要である。
117,single,ボイラーの取扱いに関する知識,燃焼安全装置,燃料遮断弁に関する記述として、適切なものは次のうちどれか。,,,,,,異常時に燃料供給を遮断する。,ボイラー水を軟化する薬品である。,水面計のガラスである。,煙突の上部に取り付ける避雷針である。,通風力を測るU字管である。,1,燃料遮断弁は異常時に燃料供給を止める安全装置である。
118,single,ボイラーの取扱いに関する知識,燃焼安全装置,燃焼安全装置が関係する異常として、適切でないものは次のうちどれか。,,,,,,異常消火,低水位,送風量低下,燃料圧力異常,ボイラー室の掲示文字が読みやすいこと,5,掲示文字の読みやすさは燃料遮断弁作動の異常原因ではない。
119,single,ボイラーの取扱いに関する知識,燃焼安全装置,安全弁の調整試験として、適切でないものは次のうちどれか。,,,,,,作動圧力を確認する。,吹止まり圧力を確認する。,作動しない場合は圧力を無制限に上げ続ける。,調整後に再確認する。,設定に応じて慎重に昇圧する。,3,安全弁が作動しない場合に無制限に圧力を上げるのは危険である。
120,single,ボイラーの取扱いに関する知識,保存・停止・清掃,ボイラーの内面清掃の目的として、適切なものは次のうちどれか。,,,,,,スケールやスラッジによる障害を防ぐ。,燃料タンクの容量を増やす。,煙突の高さを変える。,作業主任者の資格を更新する。,水面計の色を変えるだけである。,1,内面清掃はスケールやスラッジによる過熱、腐食、効率低下を防ぐ目的で行う。
121,single,燃料及び燃焼に関する知識,燃料性質・発熱量,燃料の真発熱量に関する記述として、適切なものは次のうちどれか。,,,,,,水蒸気の凝縮潜熱を含めない発熱量として扱われる。,高発熱量より常に大きい。,燃料の水素分とは関係しない。,水面計の長さで決まる。,煙突の高さだけで決まる。,1,真発熱量は低発熱量とも呼ばれ、水蒸気の凝縮潜熱を含めない。
122,single,燃料及び燃焼に関する知識,燃料性質・発熱量,燃料の着火温度に関する記述として、適切なものは次のうちどれか。,,,,,,外部から点火しなくても自然に燃え始める最低温度である。,小火炎で瞬間的に燃え始める最低温度である。,水が沸騰する温度である。,燃料の灰分量である。,空気比と同じ意味である。,1,自然に燃え始める温度は着火温度で、引火点とは異なる。
123,single,燃料及び燃焼に関する知識,燃料性質・発熱量,燃料中の水分に関する記述として、適切でないものは次のうちどれか。,,,,,,燃焼に必要な熱を奪うことがある。,発熱量に影響する。,燃焼状態に影響することがある。,多いほど常に発熱量が大きくなる。,燃料管理上注意が必要である。,4,水分が多いと発熱量の低下や燃焼不良につながる。
124,single,燃料及び燃焼に関する知識,重油・低温腐食,重油の加熱に関する記述として、適切なものは次のうちどれか。,,,,,,粘度を下げ、噴霧を良くするために行うことがある。,軽油でも必ず高温加熱が必要である。,加熱温度は高いほど無制限に良い。,ベーパロックとは無関係である。,加熱は燃料中の硫黄を完全に消す。,1,重油は粘度を下げて噴霧を良くするため加熱することがあるが、過熱には注意が必要である。
125,single,燃料及び燃焼に関する知識,重油・低温腐食,重油タンクの油取出し管に関する記述として、適切なものは次のうちどれか。,,,,,,タンク底部の水分やスラッジを吸い込みにくい位置に設ける。,必ずタンク底面ぴったりに取り付ける。,煙突の上端に取り付ける。,水面計の代わりに用いる。,ボイラー室の出入口に設ける。,1,油取出し管は水分やスラッジを吸い込みにくいよう底部から少し上に設ける。
126,single,燃料及び燃焼に関する知識,重油・低温腐食,燃料油のサービスタンクに関する記述として、適切なものは次のうちどれか。,,,,,,バーナ近くへ安定して燃料を供給するために用いられる。,ボイラー水の硬度を下げる装置である。,燃焼ガス中のNOxを測る計器である。,安全弁の吹出し管である。,水面計のガラス管である。,1,サービスタンクはバーナへ燃料を安定供給するために用いられる。
127,single,燃料及び燃焼に関する知識,油バーナ,蒸気噴霧式バーナに関する記述として、適切なものは次のうちどれか。,,,,,,蒸気を霧化媒体として油を微粒化する。,燃料を霧化しない。,水面計の一種である。,安全弁のばねである。,ボイラー室の壁材料である。,1,蒸気噴霧式バーナでは、蒸気を用いて油を微粒化する。
128,single,燃料及び燃焼に関する知識,油バーナ,油バーナのターンダウン比に関する記述として、適切なものは次のうちどれか。,,,,,,最大燃焼量と最小燃焼量の調節範囲を示す指標である。,燃料中の水分量を示す値である。,煙突内の自然通風力を示す値である。,水面計の長さを示す値である。,ボイラー検査証の有効期間である。,1,ターンダウン比は燃焼量調節範囲を示す。
129,single,燃料及び燃焼に関する知識,油バーナ,油バーナの噴霧不良の影響として、適切なものは次のうちどれか。,,,,,,燃焼不良やすすの発生につながる。,必ず燃焼効率が100%になる。,NOxが完全にゼロになる。,水位が自動的に上がる。,圧力計が不要になる。,1,噴霧不良は燃焼不良、すす、未燃分の原因となる。
130,single,燃料及び燃焼に関する知識,気体燃料・燃焼方式,都市ガスなどの気体燃料に関する記述として、適切でないものは次のうちどれか。,,,,,,配管からの漏えいに注意する。,燃焼用空気との混合が重要である。,加熱や霧化媒体が不要な場合が多い。,点火前の換気が重要である。,漏えいしても爆発のおそれは全くない。,5,気体燃料は漏えい時に爆発・火災の危険がある。
131,single,燃料及び燃焼に関する知識,気体燃料・燃焼方式,予混合燃焼に関する記述として、適切なものは次のうちどれか。,,,,,,燃焼前に燃料ガスと空気を混合する。,燃焼しながら初めて空気と混ざる方式だけをいう。,燃料と空気を絶対に接触させない。,水面計の吹出し方式である。,重油タンクの水抜き方式である。,1,予混合燃焼は燃焼前に燃料と空気を混合する。
132,single,燃料及び燃焼に関する知識,気体燃料・燃焼方式,拡散燃焼に関する記述として、適切なものは次のうちどれか。,,,,,,燃焼しながら燃料と空気が混合する。,燃料と空気を燃焼前に完全混合する方式だけをいう。,水を電気分解する方式である。,ボイラー検査証の更新手続である。,水面計の色を変える方式である。,1,拡散燃焼は、燃焼しながら燃料と空気が混合する方式である。
133,single,燃料及び燃焼に関する知識,通風・ファン,自然通風力に影響する要素として、適切なものは次のうちどれか。,,,,,,煙突高さと内外ガス密度差,水面計の長さだけ,安全弁の個数だけ,燃料タンクの塗色だけ,作業主任者の人数だけ,1,自然通風力は煙突高さと煙突内外のガス密度差に関係する。
134,single,燃料及び燃焼に関する知識,通風・ファン,後向き形ファンに関する記述として、適切なものは次のうちどれか。,,,,,,高温・大容量の用途で用いられることがある。,燃料油を加熱する装置である。,給水を軟化する薬剤である。,圧力計のサイホン管である。,安全弁の吹出し管である。,1,後向き形ファンは効率が比較的高く、大容量用途で用いられる。
135,single,燃料及び燃焼に関する知識,通風・ファン,ラジアル形ファンに関する記述として、適切なものは次のうちどれか。,,,,,,放射状の羽根を持ち、構造が比較的簡単である。,ボイラー水を軟化する装置である。,燃料中の硫黄を化学的に除去する薬剤である。,水面計のガラスである。,検査証を更新する手続名である。,1,ラジアル形ファンは放射状の羽根を持つ。
136,single,燃料及び燃焼に関する知識,通風・ファン,押込通風に関する記述として、適切でないものは次のうちどれか。,,,,,,燃焼用空気を炉内に押し込む。,常温空気を扱うことが多い。,油だきボイラーで用いられることがある。,燃焼ガスをファンで吸い出す方式だけをいう。,通風方式の一つである。,4,燃焼ガスを吸い出す方式は誘引通風である。
137,single,燃料及び燃焼に関する知識,空気比・NOx・熱損失,過剰空気が多すぎる場合の影響として、適切なものは次のうちどれか。,,,,,,排ガス量が増え、熱損失が増加することがある。,排ガス熱損失が必ずゼロになる。,燃料消費が必ずゼロになる。,燃焼室熱負荷が必ず消滅する。,空気予熱器が不要になる。,1,過剰空気が多すぎると排ガス量が増え、熱損失が増加する。
138,single,燃料及び燃焼に関する知識,空気比・NOx・熱損失,低NOx燃焼の考え方として、適切なものは次のうちどれか。,,,,,,局所高温域を抑える。,燃焼温度を無制限に上げる。,炉内酸素濃度を常に最大にする。,燃料中の窒素を増やす。,排ガス再循環を必ず禁止する。,1,局所高温域の抑制はNOx低減に有効である。
139,single,燃料及び燃焼に関する知識,空気比・NOx・熱損失,不完全燃焼に関する記述として、適切なものは次のうちどれか。,,,,,,一酸化炭素やすすの発生につながることがある。,常に理想的な完全燃焼である。,空気不足とは無関係である。,燃料は全く消費されない。,排ガス成分に影響しない。,1,不完全燃焼ではCOやすす、未燃分が発生することがある。
140,single,燃料及び燃焼に関する知識,空気比・NOx・熱損失,燃焼室熱負荷が高すぎる場合に注意すべきこととして、適切なものは次のうちどれか。,,,,,,燃焼室や伝熱面の過熱、燃焼状態の悪化に注意する。,安全管理は不要になる。,水面計が不要になる。,燃料は燃えなくなる。,排ガスは必ず常温になる。,1,燃焼室熱負荷が過大だと、燃焼状態や炉内温度に悪影響を与える。
141,single,関係法令,伝熱面積・ボイラー種別,伝熱面積の算定に関する記述として、適切でないものは次のうちどれか。,,,,,,ボイラーの種類により算定方法が異なる。,水管や煙管のどちら側で算定するかが問われる。,法令上の区分に関係する。,すべての面積を無条件に二重算入する。,過熱器やエコノマイザの扱いが問われることがある。,4,伝熱面積は法令上の算定方法に従い、無条件に二重算入しない。
142,single,関係法令,伝熱面積・ボイラー種別,炉筒煙管ボイラーの伝熱面積に関する問題で問われやすいものは次のうちどれか。,,,,,,煙管の内径側など、算定面の扱い,燃料販売店の名称,作業者の年齢,ボイラー室の床色,煙突の塗装色,1,炉筒煙管ボイラーでは煙管などの伝熱面積算定方法が問われる。
143,single,関係法令,伝熱面積・ボイラー種別,小型ボイラーを除く鋳鉄製温水ボイラーで問われやすい事項は次のうちどれか。,,,,,,附属品や取扱資格の範囲,燃料の総発熱量だけ,空気比だけ,バーナのターンダウン比だけ,スートブロー蒸気の乾き度だけ,1,鋳鉄製温水ボイラーでは附属品や取扱資格などが問われやすい。
144,single,関係法令,設置・ボイラー室,ボイラー室の構造に関する記述として、適切なものは次のうちどれか。,,,,,,点検や取扱いに必要な空間を確保する。,出入口を完全にふさいで運転する。,換気を一切行わない。,燃料を室内に無制限に散布する。,安全表示をすべて隠す。,1,ボイラー室は安全な取扱い、点検、換気を考慮する必要がある。
145,single,関係法令,設置・ボイラー室,ボイラー設置届に関する記述として、適切なものは次のうちどれか。,,,,,,一定のボイラーの設置では、所定の届出が必要となる。,どのボイラーにも届出は絶対に不要である。,燃料販売店だけが任意で作成する広告である。,水面計の吹出し操作名である。,安全弁のばね材料である。,1,ボイラーの種類・規模により、設置届が必要となる場合がある。
146,single,関係法令,設置・ボイラー室,ボイラー及び配管の配置に関する法令問題で問われやすい事項は次のうちどれか。,,,,,,外壁や構造物との距離,燃料販売価格,作業者の通勤時間,煙突の色,水の比熱,1,本体外壁から構造物までの距離など、配置基準が問われる。
147,single,関係法令,検査・検査証,使用検査に関する記述として、適切なものは次のうちどれか。,,,,,,使用を廃止したボイラーを再び設置する場合などに関係する。,燃料の色を確認するだけの検査である。,水面計の長さを測るだけである。,ボイラー検査証とは無関係である。,作業主任者が任意に省略できる。,1,使用検査は、再設置などの手続で問われる。
148,single,関係法令,検査・検査証,構造検査に関する記述として、適切なものは次のうちどれか。,,,,,,製造又は輸入等の段階で構造の適合を確認する検査として問われる。,燃料中の水分だけを測る検査である。,ボイラー室の照明色だけを決める検査である。,安全弁を使わないための検査である。,検査証とは全く関係しない広告である。,1,構造検査はボイラーの構造に関する検査である。
149,single,関係法令,検査・検査証,ボイラー検査証の有効期間に関する記述として、適切でないものは次のうちどれか。,,,,,,原則として有効期間が定められる。,性能検査により更新される。,検査結果により期間が定められることがある。,一度交付されると法令上永久に更新不要である。,運転継続には有効期間の管理が必要である。,4,ボイラー検査証には有効期間があり、更新管理が必要である。
150,single,関係法令,作業主任者・取扱資格,作業主任者の掲示に関する記述として、適切なものは次のうちどれか。,,,,,,資格及び氏名などを見やすい箇所に掲示することが問われる。,掲示は常に禁止されている。,燃料の発熱量だけを掲示する。,水面計のメーカー名だけを掲示する。,作業主任者の趣味を掲示する。,1,作業主任者の資格・氏名などの掲示は法令問題で問われる。
151,single,関係法令,作業主任者・取扱資格,二級ボイラー技士が作業主任者になれない場合として問われやすい観点は次のうちどれか。,,,,,,ボイラーの種類及び伝熱面積の範囲,燃料販売店の所在地,水の色,作業者の靴の種類,煙突の塗装方法,1,資格ごとに作業主任者として選任できる範囲が定められる。
152,single,関係法令,作業主任者・取扱資格,ボイラー取扱作業主任者の職務として、適切でないものは次のうちどれか。,,,,,,圧力を監視する。,水位を監視する。,燃焼状態を監視する。,急激な負荷変動を避けるよう努める。,安全装置を常に無効化して運転する。,5,安全装置を無効化することは職務として不適切である。
153,single,関係法令,附属品・安全弁・圧力計,安全弁の吹出し量に関する記述として、適切なものは次のうちどれか。,,,,,,ボイラーの最大蒸発量に応じた能力が求められる。,任意に小さくしてよい。,水面計の長さだけで決まる。,燃料タンクの色で決まる。,作業主任者の年齢で決まる。,1,安全弁にはボイラーの蒸発量に対応する吹出し能力が必要である。
154,single,関係法令,附属品・安全弁・圧力計,圧力計の目盛盤に関する記述として、適切なものは次のうちどれか。,,,,,,常用圧力や最高使用圧力との関係で適切な範囲が求められる。,必ず圧力が読めないようにする。,燃料の灰分量を表示する。,水位だけを表示する。,検査証の番号だけを表示する。,1,圧力計は常用圧力や最高使用圧力との関係で適切に選定・表示される。
155,single,関係法令,附属品・安全弁・圧力計,温水ボイラーの逃がし管に関する記述として、適切なものは次のうちどれか。,,,,,,水の膨張分を逃がすために用いられる。,燃料油を霧化する。,安全弁のばねを締める工具である。,煙突内の煤を測定する。,作業主任者の氏名を掲示する。,1,逃がし管は温水ボイラーの水の膨張分を逃がすために用いられる。
156,single,関係法令,定期自主検査・変更届,定期自主検査の項目として、適切でないものは次のうちどれか。,,,,,,ボイラー本体,燃焼装置,自動制御装置,附属装置及び附属品,作業者の昼食内容,5,昼食内容は定期自主検査の項目ではない。
157,single,関係法令,定期自主検査・変更届,変更届が問題となる部分として、適切なものは次のうちどれか。,,,,,,過熱器,作業者の筆記用具,事務所の椅子,燃料販売店の看板,通勤経路,1,過熱器など主要部分の変更は届出・検査の対象として問われる。
158,single,関係法令,定期自主検査・変更届,定期自主検査の記録保存に関する記述として、適切なものは次のうちどれか。,,,,,,検査結果を記録し、一定期間保存する。,記録は作成してはならない。,異常があっても記録しない。,燃料販売店だけが口頭で覚えておく。,記録は運転前に必ず破棄する。,1,定期自主検査の結果は記録し、保存する必要がある。
159,single,関係法令,法令総合,法令問題を解く際の着眼点として、適切なものは次のうちどれか。,,,,,,ボイラーの種類、小型か否か、伝熱面積、用途を確認する。,選択肢の文字数だけで判断する。,燃料タンクの色だけで判断する。,問題文の年度だけで正答を決める。,すべてのボイラーに同じ規定が無条件に適用されると考える。,1,法令問題では、ボイラー種別、伝熱面積、小型ボイラー除外などの条件確認が重要である。
160,single,関係法令,法令総合,小型ボイラーを除く、という条件が付く問題で注意すべきこととして、適切なものは次のうちどれか。,,,,,,対象範囲が限定されているため、問題文の条件を確認する。,小型ボイラーも必ず同一扱いと決めつける。,条件は正答に影響しない。,燃料の種類だけで正答を決める。,設問文を読まなくてよい。,1,法令問題では『小型ボイラーを除く』などの条件が正答に影響する。
161,single,ボイラーの構造に関する知識,熱・蒸気・圧力,乾き度に関する記述として、適切なものは次のうちどれか。,,,,,,湿り蒸気中の蒸気分の質量割合を表す。,燃料油中の硫黄分の割合を表す。,空気予熱器の伝熱面積を表す。,水面計の目盛間隔を表す。,煙突の高さを表す。,1,乾き度は湿り蒸気中に含まれる乾き飽和蒸気の質量割合である。
162,single,ボイラーの構造に関する知識,熱・蒸気・圧力,蒸気のエンタルピに関する記述として、適切なものは次のうちどれか。,,,,,,蒸気が持つ熱エネルギーの評価に用いられる。,水面計のガラス厚さを示す。,燃料タンクの直径だけを示す。,安全弁のばね材質を示す。,煙突の塗装色を示す。,1,蒸気のエンタルピは蒸気が持つ熱量の評価に用いられ、効率計算にも関係する。
163,single,ボイラーの構造に関する知識,熱・蒸気・圧力,水の顕熱に関する記述として、適切なものは次のうちどれか。,,,,,,水の温度上昇に伴って蓄えられる熱である。,水を蒸発させるためだけの熱である。,燃料の灰分量である。,安全弁の作動圧である。,煙突内の通風力である。,1,顕熱は物質の温度変化として現れる熱である。
164,single,ボイラーの構造に関する知識,燃焼室・伝熱面,水冷壁に関する記述として、適切なものは次のうちどれか。,,,,,,炉壁に水管を配置し、放射熱を吸収する構造である。,燃料油を貯蔵する壁である。,圧力計の目盛盤である。,水面計のコックである。,煙突の外装材だけをいう。,1,水冷壁は炉壁に水管を配置して放射熱を吸収する。
165,single,ボイラーの構造に関する知識,燃焼室・伝熱面,燃焼室に求められる条件として、適切でないものは次のうちどれか。,,,,,,燃料と空気の混合を良くする。,燃料を速やかに着火・燃焼させる。,完全燃焼に必要な空間を確保する。,発生熱を伝熱面へ有効に伝える。,燃料と空気を絶対に接触させない。,5,燃焼室では燃料と空気を適切に混合し、完全燃焼を図る。
166,single,ボイラーの構造に関する知識,水循環・水管ボイラー,下降管に関する記述として、適切なものは次のうちどれか。,,,,,,比較的温度の低い水が下降する通路である。,燃焼ガスだけを排出する通路である。,燃料油を噴霧するノズルである。,圧力計のサイホン管である。,安全弁の吹出し管である。,1,水管ボイラーでは上昇管と下降管を区別して水循環を行うものがある。
167,single,ボイラーの構造に関する知識,水循環・水管ボイラー,上昇管に関する記述として、適切なものは次のうちどれか。,,,,,,気泡を含む水や蒸気水混合物が上昇する管である。,燃料タンクの油取出し管である。,煙突上部の避雷針である。,水面計の照明である。,安全弁のばねである。,1,加熱されて気泡を含む水は密度が小さくなり上昇する。
168,single,ボイラーの構造に関する知識,炉筒煙管・貫流・鋳鉄製,波形炉筒に関する記述として、適切なものは次のうちどれか。,,,,,,熱膨張による応力を緩和し、強度上も有利な形状である。,燃料を化学的に脱硫する装置である。,水面計の一種である。,給水中の酸素を除去する薬剤である。,煙突の通風力を測定する器具である。,1,波形炉筒は熱膨張への追従性や強度面で利点がある。
169,single,ボイラーの構造に関する知識,炉筒煙管・貫流・鋳鉄製,貫流ボイラーの負荷変動に関する記述として、適切なものは次のうちどれか。,,,,,,保有水量が少なく、負荷変動に対する制御が重要である。,保有水量が非常に多く、制御は不要である。,蒸気発生は燃料と無関係である。,給水ポンプを持つことはない。,水処理は常に不要である。,1,貫流ボイラーは保有水量が少ないため、給水量・燃料量の制御が重要である。
170,single,ボイラーの構造に関する知識,炉筒煙管・貫流・鋳鉄製,鋳鉄製ボイラーのセクションに関する記述として、適切なものは次のうちどれか。,,,,,,セクションを組み合わせて容量を構成するものがある。,セクションは燃料油の種類名である。,セクションは圧力計の目盛である。,セクションは煙突の高さだけを示す。,セクションは水の比熱の単位である。,1,鋳鉄製ボイラーには、セクションを組み合わせる構造のものがある。
171,single,ボイラーの構造に関する知識,附属品・計測器,気水分離器に関する記述として、適切なものは次のうちどれか。,,,,,,蒸気と水滴を分離するために用いられる。,燃料油を加熱する装置である。,水の硬度を下げる薬剤である。,通風力を測る計器である。,安全弁のばねを締める工具である。,1,気水分離器は、蒸気中の水滴を分離し、蒸気の乾き度向上に役立つ。
172,single,ボイラーの構造に関する知識,附属品・計測器,減圧弁に関する記述として、適切なものは次のうちどれか。,,,,,,蒸気の使用圧力を所定の低い圧力に保つために用いられる。,ボイラー水を軟化する装置である。,燃料を微粒化する装置である。,水面計のガラス管である。,煙突内のすすを除去する装置である。,1,減圧弁は、使用箇所に適した蒸気圧力に下げて保つために用いる。
173,single,ボイラーの構造に関する知識,附属品・計測器,主蒸気弁に関する記述として、適切なものは次のうちどれか。,,,,,,ボイラーから蒸気を送り出す主配管に設けられる。,燃料中の水分を測る計器である。,給水を軟化する薬品である。,空気比を直接表示する装置である。,安全弁の代わりに過圧を逃がす唯一の装置である。,1,主蒸気弁はボイラーから蒸気を送り出す主蒸気管に設けられる。
174,single,ボイラーの構造に関する知識,給水・節炭器・空気予熱器,ディフューザポンプに関する記述として、適切なものは次のうちどれか。,,,,,,羽根車の周辺に案内羽根を持つ遠心ポンプである。,蒸気の噴射力だけで給水する装置である。,水面計の一種である。,燃料中の硫黄を除去する薬剤である。,煙突の内面に取り付ける保温材である。,1,ディフューザポンプは案内羽根を備えた遠心ポンプである。
175,single,ボイラーの構造に関する知識,給水・節炭器・空気予熱器,インゼクタに関する記述として、適切なものは次のうちどれか。,,,,,,蒸気の噴射力を利用して給水する装置である。,電動機で羽根車を回す渦巻ポンプである。,燃料油を加熱する装置である。,煙道ガスを測定する計器である。,水面計のガラス管である。,1,インゼクタは蒸気の噴射力を利用する給水装置である。
176,single,ボイラーの構造に関する知識,自動制御・燃焼安全装置,比例動作に関する記述として、適切なものは次のうちどれか。,,,,,,偏差の大きさに比例して操作量を変える。,偏差があっても操作量を全く変えない。,常に燃焼停止だけを行う。,水面計の色を変える。,燃料の灰分量を測定する。,1,比例動作では偏差の大きさに応じて操作量を変える。
177,single,ボイラーの構造に関する知識,自動制御・燃焼安全装置,積分動作に関する記述として、適切なものは次のうちどれか。,,,,,,偏差の時間積分に応じて操作量を変える。,偏差の変化速度だけに応じて操作する。,必ず手動でしか行えない。,燃料の発熱量を直接増やす。,水面計の閉塞を物理的に除去する。,1,積分動作は偏差の累積に応じて操作量を変える。
178,single,ボイラーの構造に関する知識,自動制御・燃焼安全装置,微分動作に関する記述として、適切なものは次のうちどれか。,,,,,,偏差の変化速度に応じて操作量を変える。,偏差の累積だけで操作する。,水の硬度を除去する。,燃料中の灰分を測定する。,安全弁の吹出し量を増やす薬剤である。,1,微分動作は偏差の変化速度に応じて操作量を変える。
179,single,ボイラーの構造に関する知識,自動制御・燃焼安全装置,火炎検出器に関する記述として、適切でないものは次のうちどれか。,,,,,,火炎の有無を検出する。,燃焼安全装置に関係する。,異常消火時の燃料遮断に関係する。,燃焼監視に用いられる。,ボイラー水の硬度を下げる薬剤である。,5,火炎検出器は火炎を検出する機器であり、水処理薬剤ではない。
180,single,ボイラーの構造に関する知識,附属品・計測器,圧力計のサイホン管に関する記述として、適切なものは次のうちどれか。,,,,,,蒸気の直接接触による圧力計の過熱を防ぐために用いられる。,燃料油を霧化するために用いられる。,給水を軟化するための装置である。,煙突の通風力を発生させる装置である。,水面計のガラスを洗浄する薬剤である。,1,圧力計のサイホン管は、水をたまりとして蒸気の熱が圧力計へ直接伝わるのを抑える。
181,single,ボイラーの取扱いに関する知識,点火・たき始め,点火時の着火遅れに関する記述として、適切でないものは次のうちどれか。,,,,,,未燃ガスの蓄積につながることがある。,逆火の原因となることがある。,点火前換気が重要である。,燃料と空気の供給順序に注意する。,安全上問題にならないので放置してよい。,5,着火遅れは逆火や爆発の危険があり、放置してはならない。
182,single,ボイラーの取扱いに関する知識,点火・たき始め,昇圧中に空気抜き弁を閉じる時期として、適切なものは次のうちどれか。,,,,,,蒸気の発生を確認し、空気が抜けた後に閉じる。,点火前に永久に閉じる。,燃料タンクが空になった後に閉じる。,水面計を外した後に閉じる。,安全弁を取り外した後に閉じる。,1,たき始めでは空気を排出し、蒸気の発生を確認して空気抜き弁を閉じる。
183,single,ボイラーの取扱いに関する知識,点火・たき始め,燃焼中の監視事項として、適切でないものは次のうちどれか。,,,,,,火炎の状態,煙の状態,圧力及び水位,燃料供給状態,監視を一切行わないこと,5,燃焼中は火炎、煙、圧力、水位、燃料供給状態を監視する。
184,single,ボイラーの取扱いに関する知識,水位・低水位,水柱管の連絡管に関する記述として、適切なものは次のうちどれか。,,,,,,途中の弁の開閉状態や閉塞に注意する。,燃料タンクの油面だけを示す。,煙突高さを自動調整する。,燃焼用空気を加熱する。,給水中の酸素を除去する薬剤である。,1,水柱管の連絡管は水位表示に関係し、閉塞や弁の状態に注意が必要である。
185,single,ボイラーの取扱いに関する知識,水位・低水位,水面計の水位が左右で一致しない場合の対応として、適切なものは次のうちどれか。,,,,,,機能試験や吹出しにより異常の有無を確認する。,低い方だけを常に信じる。,高い方だけを常に信じる。,両方を見ずに運転する。,水面計を叩いて破損させる。,1,水面計の表示に差がある場合は、閉塞などを疑い機能確認を行う。
186,single,ボイラーの取扱いに関する知識,水位・低水位,給水ポンプ運転中の確認事項として、適切なものは次のうちどれか。,,,,,,吐出圧力、流量、電流などが適正か確認する。,振動や異音は確認しない。,空気抜きは絶対に不要である。,吐出弁を常に閉めたまま長時間運転する。,水がなくても運転し続ける。,1,給水ポンプでは圧力、流量、電流、振動、漏れなどを確認する。
187,single,ボイラーの取扱いに関する知識,吹出し・水管理,間欠吹出しの操作として、適切でないものは次のうちどれか。,,,,,,水位を確認して行う。,急激な水位低下に注意する。,所定の手順で弁を操作する。,スラッジ排出の目的で行うことがある。,水位を見ずに最大開度で長時間行う。,5,吹出しは水位や圧力に注意して所定手順で行う。
188,single,ボイラーの取扱いに関する知識,吹出し・水管理,連続吹出しに関する記述として、適切なものは次のうちどれか。,,,,,,ボイラー水の濃縮を連続的に調整するために行う。,安全弁の吹出し試験である。,燃料油を噴霧する方式である。,煙突の自然通風力を測る操作である。,水面計を破損させるための操作である。,1,連続吹出しはボイラー水濃度の管理に用いられる。
189,single,ボイラーの取扱いに関する知識,吹出し・水管理,ボイラー水中のスラッジに関する記述として、適切なものは次のうちどれか。,,,,,,水処理によって生じた沈殿物などで、吹出しにより排出する。,燃料中の気体成分だけをいう。,安全弁のばねの名称である。,煙突内の自然通風力である。,圧力計の目盛である。,1,スラッジはボイラー水中に生じる沈殿物で、吹出しで排出する。
190,single,ボイラーの取扱いに関する知識,キャリオーバ・スートブロー,キャリオーバの原因として、適切でないものは次のうちどれか。,,,,,,高水位,ボイラー水の濃縮,負荷の急変,プライミング,適正水位で安定した水質管理,5,適正水位・適正水質で安定運転している状態はキャリオーバの原因ではない。
191,single,ボイラーの取扱いに関する知識,キャリオーバ・スートブロー,スートブローの効果確認として、適切なものは次のうちどれか。,,,,,,排ガス温度や通風損失の変化を見る。,作業者の靴の色を見る。,燃料販売店の所在地を見る。,安全弁の塗色だけを見る。,水面計を取り外す。,1,スートブロー後は排ガス温度や通風損失の変化から効果を確認することがある。
192,single,ボイラーの取扱いに関する知識,保存・停止・清掃,停止後の排水に関する記述として、適切なものは次のうちどれか。,,,,,,ボイラー水温度が下がってから排水する。,高温高圧のまま急いで全量排水する。,圧力を確認せずマンホールを開ける。,燃焼中に胴を空にする。,水位計を見ずに作業する。,1,排水は温度や圧力が安全な状態になってから行う。
193,single,ボイラーの取扱いに関する知識,保存・停止・清掃,満水保存法で注意する事項として、適切なものは次のうちどれか。,,,,,,水中の溶存酸素を少なくし、腐食防止を図る。,空気を多量に入れて腐食を促進する。,ボイラー内を乾燥剤だけで満たす。,燃料油を満たす。,安全弁を取り外して開放する。,1,満水保存法では、酸素を少なくした水で満たして腐食を抑える。
194,single,ボイラーの取扱いに関する知識,保存・停止・清掃,乾燥保存法で用いられるものとして、適切なものは次のうちどれか。,,,,,,乾燥剤,重油だけ,燃焼用空気だけ,排ガスだけ,蒸気トラップだけ,1,乾燥保存では乾燥剤を用いて湿気を防ぐことがある。
195,single,ボイラーの取扱いに関する知識,燃焼安全装置,火炎検出器の汚れや故障による影響として、適切なものは次のうちどれか。,,,,,,火炎検出が不安定になり、燃焼安全装置の作動に影響する。,ボイラー水の硬度が必ず下がる。,排ガス中の酸素がゼロになる。,燃料の硫黄分がなくなる。,水面計が不要になる。,1,火炎検出器の異常は、異常消火検出や燃料遮断に影響する。
196,single,ボイラーの取扱いに関する知識,燃焼安全装置,燃料遮断弁の漏れ確認として、適切なものは次のうちどれか。,,,,,,閉止時に燃料が漏れていないか確認する。,水面計の水位だけを見る。,煙突の高さだけを測る。,給水中の硬度だけを測る。,ボイラー室の床色を確認する。,1,燃料遮断弁は閉止時に漏れがないことが重要である。
197,single,ボイラーの取扱いに関する知識,燃焼安全装置,異常消火時の対応として、適切なものは次のうちどれか。,,,,,,燃料供給を遮断し、原因を確認してから再点火する。,燃料をさらに多く供給する。,換気せず直ちに再点火する。,火炎検出器を無効化する。,安全装置を取り外す。,1,異常消火時は燃料遮断、換気、原因確認を行い、安全に再点火する。
198,single,ボイラーの取扱いに関する知識,保存・停止・清掃,ボイラー内面腐食の防止として、適切なものは次のうちどれか。,,,,,,溶存酸素を少なくし、適切なpH管理を行う。,水質を全く管理しない。,酸素を多く溶かす。,スケールを厚く付着させる。,腐食を確認しても放置する。,1,腐食防止には脱酸素、pH、濃度管理などが重要である。
199,single,ボイラーの取扱いに関する知識,保存・停止・清掃,過熱による損傷防止として、適切なものは次のうちどれか。,,,,,,スケール付着や低水位を防止する。,水位を常に安全低水面以下にする。,水質管理を行わない。,燃焼量を無制限に上げる。,伝熱面をすすで覆う。,1,スケールや低水位は伝熱面過熱の原因となるため防止が必要である。
200,single,ボイラーの取扱いに関する知識,水位・低水位,低水位を認めた場合の基本対応として、適切なものは次のうちどれか。,,,,,,燃焼を停止し、原因と水位を確認して安全を確かめる。,直ちに燃焼量を最大にする。,水面計を見ないで運転を続ける。,安全弁を固定して圧力を上げる。,低水位警報を無効にする。,1,低水位は伝熱面過熱や重大事故につながるため、燃焼停止と原因確認を基本とする。
201,single,燃料及び燃焼に関する知識,燃料性質・発熱量,燃料の固定炭素に関する記述として、適切なものは次のうちどれか。,,,,,,固体燃料の燃焼性に関係する成分である。,水面計の水位を示す目盛である。,安全弁のばね材料である。,給水ポンプの段数である。,ボイラー検査証の有効期間である。,1,固定炭素は固体燃料の性質を示す成分で、燃焼性に関係する。
202,single,燃料及び燃焼に関する知識,燃料性質・発熱量,燃料の揮発分に関する記述として、適切なものは次のうちどれか。,,,,,,加熱により発生する可燃性ガス分に関係する。,水の比熱そのものである。,圧力計の目盛である。,安全弁の吹出し管である。,水面計のコックである。,1,揮発分は燃料を加熱したときに発生する可燃性ガス分に関係する。
203,single,燃料及び燃焼に関する知識,燃料性質・発熱量,A重油とC重油の比較として、一般に適切なものは次のうちどれか。,,,,,,C重油は粘度が高く、加熱を必要とする場合が多い。,A重油は必ず固体燃料である。,C重油は水そのものである。,A重油は燃焼しない。,C重油は硫黄分を全く含まないことが法令上常に保証される。,1,C重油は粘度が高く、加熱して噴霧性を改善することが多い。
204,single,燃料及び燃焼に関する知識,重油・低温腐食,硫酸露点に関する記述として、適切なものは次のうちどれか。,,,,,,硫酸蒸気が凝縮し始める温度で、低温腐食に関係する。,水が凍る温度だけをいう。,燃料の引火点と同じ意味である。,ボイラー水のpHを示す。,安全弁の吹出し圧力を示す。,1,重油燃焼ではSO3と水分により硫酸露点が問題となる。
205,single,燃料及び燃焼に関する知識,重油・低温腐食,重油添加剤の目的として、適切なものは次のうちどれか。,,,,,,低温腐食や灰付着の抑制を目的に用いられることがある。,水面計を不要にするためだけに用いる。,安全弁の個数を減らすためだけに用いる。,燃焼用空気を完全にゼロにするために用いる。,ボイラー検査証を更新するために用いる。,1,添加剤は低温腐食や灰付着などの障害抑制に使われることがある。
206,single,燃料及び燃焼に関する知識,重油・低温腐食,燃料油の水分混入時に起こり得ることとして、適切なものは次のうちどれか。,,,,,,燃焼不良やバーナの不調につながる。,燃焼効率が必ず100%になる。,NOxが必ずゼロになる。,ボイラー水が自動で軟化される。,安全弁が不要になる。,1,燃料油への水分混入は燃焼不良や供給障害の原因となる。
207,single,燃料及び燃焼に関する知識,油バーナ,バーナの霧化に関する記述として、適切なものは次のうちどれか。,,,,,,燃料を微粒化し、空気との混合を良くする。,燃料を大きな塊のまま落下させる。,水面計の水位を測る。,安全弁の作動圧を下げる。,ボイラー検査証を発行する。,1,霧化は燃料を微粒化して燃焼しやすくする操作である。
208,single,燃料及び燃焼に関する知識,油バーナ,蒸気噴霧式バーナの短所として、適切なものは次のうちどれか。,,,,,,霧化用蒸気を消費する。,燃料を全く霧化できない。,空気を全く必要としない。,安全弁を不要にする。,水質管理を不要にする。,1,蒸気噴霧式は霧化用蒸気を消費する点に注意が必要である。
209,single,燃料及び燃焼に関する知識,油バーナ,油バーナのノズル詰まりの影響として、適切なものは次のうちどれか。,,,,,,噴霧状態が悪化し、燃焼不良につながる。,ボイラー水の硬度が下がる。,蒸気圧力が常に一定になる。,排ガス熱損失が必ずゼロになる。,安全弁が不要になる。,1,ノズル詰まりは噴霧不良や燃焼不良の原因となる。
210,single,燃料及び燃焼に関する知識,気体燃料・燃焼方式,ガスバーナの火炎安定に関する記述として、適切なものは次のうちどれか。,,,,,,燃料ガス圧力や空気量の管理が重要である。,ガス圧は火炎に関係しない。,空気量は火炎に関係しない。,火炎検出器は常に不要である。,漏えい検知は不要である。,1,ガス燃焼ではガス圧、空気量、火炎検出が重要である。
211,single,燃料及び燃焼に関する知識,気体燃料・燃焼方式,ガス燃料の長所として、適切なものは次のうちどれか。,,,,,,燃焼制御が比較的容易で、燃料加熱や霧化媒体が不要な場合が多い。,漏えい時にも危険が全くない。,空気と混合できない。,燃焼しない。,必ず大量の灰を発生する。,1,ガス燃料は制御しやすいが、漏えい時の安全管理が重要である。
212,single,燃料及び燃焼に関する知識,気体燃料・燃焼方式,ガス燃料の漏えい対策として、適切でないものは次のうちどれか。,,,,,,換気を行う。,漏えい検知を行う。,配管接続部を点検する。,点火前に安全確認する。,臭気や警報を無視して直ちに点火する。,5,漏えいが疑われる場合に点火するのは危険である。
213,single,燃料及び燃焼に関する知識,通風・ファン,押込ファンの取扱いとして、適切なものは次のうちどれか。,,,,,,燃焼用空気量を適切に調整する。,給水中の硬度を除去する。,燃料中の硫黄を完全に除去する。,安全弁の設定圧力を決める。,水面計の水位を直接表示する。,1,押込ファンは燃焼用空気を供給するため、空気量管理が重要である。
214,single,燃料及び燃焼に関する知識,通風・ファン,誘引ファンの取扱いとして、適切でないものは次のうちどれか。,,,,,,燃焼ガスを扱うため、高温や腐食・摩耗に注意する。,通風状態を確認する。,すすやダストの影響を受けることがある。,燃焼ガスと無関係なので点検不要である。,通風抵抗に応じた能力が必要である。,4,誘引ファンは燃焼ガスを扱うため点検が重要である。
215,single,燃料及び燃焼に関する知識,通風・ファン,通風不足の影響として、適切なものは次のうちどれか。,,,,,,不完全燃焼や逆火の原因となることがある。,燃焼状態が必ず改善する。,排ガス熱損失が必ずゼロになる。,NOxが常にゼロになる。,水面計が不要になる。,1,通風不足は燃焼不良や逆火の原因となる。
216,single,燃料及び燃焼に関する知識,空気比・NOx・熱損失,排ガス熱損失を小さくする方法として、適切なものは次のうちどれか。,,,,,,過剰空気を適正に保ち、排ガス温度を管理する。,空気比を無制限に大きくする。,排ガス温度を無制限に高くする。,燃焼を常に不完全にする。,エコノマイザを必ず取り外す。,1,適正空気比や排熱回収により排ガス熱損失を抑える。
217,single,燃料及び燃焼に関する知識,空気比・NOx・熱損失,ばいじんの発生に関する記述として、適切なものは次のうちどれか。,,,,,,燃焼不良や燃料性状により増加することがある。,燃焼状態とは無関係である。,燃料中の残留炭素分とは無関係である。,常にゼロである。,水面計で直接測定する。,1,ばいじんは燃焼状態や燃料性状に影響される。
218,single,燃料及び燃焼に関する知識,空気比・NOx・熱損失,SOxに関する記述として、適切なものは次のうちどれか。,,,,,,燃料中の硫黄分に由来する。,燃料中の窒素だけに由来する。,水の比熱の単位である。,安全弁の種類である。,給水ポンプの形式である。,1,SOxは主に燃料中の硫黄分の燃焼により発生する。
219,single,燃料及び燃焼に関する知識,燃焼計算・燃焼管理,燃焼ガス分析の目的として、適切なものは次のうちどれか。,,,,,,燃焼状態や空気比の管理に利用する。,ボイラー検査証を印刷する。,水面計の長さを決める。,安全弁のばね材料を決める。,作業主任者の氏名を表示する。,1,燃焼ガス中のO2、CO2、COなどは燃焼管理に利用される。
220,single,燃料及び燃焼に関する知識,燃焼計算・燃焼管理,COが排ガス中に多い場合に疑われるものとして、適切なものは次のうちどれか。,,,,,,不完全燃焼,完全燃焼の証拠,給水の軟化完了,安全弁の正常作動,ボイラー検査証の更新,1,COの増加は不完全燃焼を示す重要なサインである。
221,single,関係法令,伝熱面積・ボイラー種別,伝熱面積の算入対象に関する問題で注意すべきこととして、適切なものは次のうちどれか。,,,,,,ボイラー種別と部位ごとの規定を確認する。,すべての面を無条件に算入する。,燃料の種類だけで決める。,作業者の人数で決める。,煙突の色で決める。,1,伝熱面積は種類と部位ごとの算定方法を確認する必要がある。
222,single,関係法令,伝熱面積・ボイラー種別,エコノマイザの伝熱面に関する法令問題で問われやすいことは次のうちどれか。,,,,,,伝熱面積に算入するかどうか,燃料販売価格,作業者の年齢,水の色,煙突の塗色,1,エコノマイザの伝熱面の扱いは伝熱面積問題で頻出である。
223,single,関係法令,伝熱面積・ボイラー種別,過熱器に関する法令問題で問われやすいことは次のうちどれか。,,,,,,伝熱面積や変更検査、附属品の扱い,作業者の通勤手段,燃料販売店の広告,水面計の照明色,煙突の塗装方法,1,過熱器は伝熱面積、変更検査、附属品などで出題されやすい。
224,single,関係法令,設置・ボイラー室,ボイラー室の出入口に関する記述として、適切なものは次のうちどれか。,,,,,,非常時の避難や取扱いに支障がないようにする。,常に施錠して出入りできないようにする。,燃料を積み上げてふさぐ。,出入口は法令問題で全く扱われない。,水面計の代わりに用いる。,1,ボイラー室では出入口や避難の確保が重要である。
225,single,関係法令,設置・ボイラー室,ボイラー室内の可燃物管理として、適切なものは次のうちどれか。,,,,,,燃料や可燃物の置き方に注意し、火災防止を図る。,可燃物を炉前に大量に積む。,避難経路をふさぐ。,油を床一面に散布する。,火気管理を行わない。,1,ボイラー室では火災防止のため可燃物や燃料の管理が重要である。
226,single,関係法令,設置・ボイラー室,設置手続の順序問題で注意すべきこととして、適切なものは次のうちどれか。,,,,,,設置届、使用検査、落成検査などの検査名を区別する。,検査名はすべて同じ意味と考える。,問題文の条件を読まない。,年度だけで答える。,選択肢の長さだけで答える。,1,法令問題では検査の種類と手続順を区別する。
227,single,関係法令,検査・検査証,性能検査の結果により起こり得ることとして、適切なものは次のうちどれか。,,,,,,検査証の有効期間が定められて更新される。,燃料の発熱量が必ず上がる。,水面計が不要になる。,作業主任者資格が自動で上位になる。,安全弁が不要になる。,1,性能検査の結果により検査証の有効期間が更新される。
228,single,関係法令,検査・検査証,変更検査を受ける場合として問われやすいものは次のうちどれか。,,,,,,胴、ドラム、過熱器など主要部分の変更,作業者の筆記具変更,休憩室の椅子交換,作業靴の色変更,燃料販売店の電話番号変更,1,主要部分の変更は変更検査の対象として問われる。
229,single,関係法令,検査・検査証,ボイラー検査証の備付けに関する記述として、適切なものは次のうちどれか。,,,,,,使用するボイラーについて検査証を適切に備え付ける。,検査証は破棄してよい。,検査証は燃料タンクに入れて燃やす。,検査証は作業主任者の私物として持ち帰る。,検査証は法令上存在しない。,1,ボイラー検査証は適切に備え付け、管理する必要がある。
230,single,関係法令,作業主任者・取扱資格,ボイラー取扱技能講習修了者が扱える範囲に関する問題で注意すべきことは次のうちどれか。,,,,,,ボイラーの種類や伝熱面積などの条件を確認する。,どのボイラーでも無制限に扱える。,法令上の区分は存在しない。,燃料が重油なら全て同じ扱いである。,水面計の数だけで決まる。,1,取扱資格はボイラーの種類や規模によって範囲が異なる。
231,single,関係法令,作業主任者・取扱資格,作業主任者の選任に関する記述として、適切なものは次のうちどれか。,,,,,,一定のボイラー取扱作業では資格者から選任する。,誰でも無資格で必ず選任できる。,燃料販売店が自動的に選任される。,水面計のメーカーが選任される。,検査証があれば作業主任者は絶対に不要である。,1,一定のボイラー取扱作業では、法令に基づき作業主任者を選任する。
232,single,関係法令,作業主任者・取扱資格,作業主任者の職務として、適切なものは次のうちどれか。,,,,,,安全弁の機能保持に注意する。,安全弁を常に固定して作動しないようにする。,水位を見ない。,燃焼状態を見ない。,負荷変動をわざと急激にする。,1,作業主任者は安全弁の機能保持、圧力・水位・燃焼状態の監視などを行う。
233,single,関係法令,附属品・安全弁・圧力計,圧力計のコック又は弁に関する記述として、適切なものは次のうちどれか。,,,,,,開閉状態を容易に知ることができるようにする。,開閉状態が絶対に分からないようにする。,常に溶接して動かないようにする。,燃料油を噴霧するために用いる。,水面計の水位を隠すために用いる。,1,圧力計のコック又は弁は開閉状態が分かるようにする。
234,single,関係法令,附属品・安全弁・圧力計,水高計の目盛りに関する記述として、適切なものは次のうちどれか。,,,,,,常用水位などを示す位置に表示が求められる場合がある。,必ず目盛りを消す。,燃料の発熱量だけを表示する。,煙突高さを表示する。,作業主任者の氏名だけを表示する。,1,水高計や水面計では、常用水位などの表示が問われる。
235,single,関係法令,附属品・安全弁・圧力計,返り管に水道等の水源を取り付ける規定で問われやすいボイラーは次のうちどれか。,,,,,,鋳鉄製ボイラー,燃料タンク,煙突,送風機だけ,圧力計だけ,1,鋳鉄製ボイラーでは返り管と水源接続に関する規定が問われる。
236,single,関係法令,定期自主検査・変更届,定期自主検査で燃焼装置について確認する事項として、適切なものは次のうちどれか。,,,,,,バーナやストレーナなどの異常の有無,作業者の昼食内容,燃料販売店の所在地,ボイラー室の壁紙の柄,煙突の色だけ,1,燃焼装置ではバーナ、ストレーナなどの状態を確認する。
237,single,関係法令,定期自主検査・変更届,自動制御装置の定期自主検査として、適切なものは次のうちどれか。,,,,,,火炎検出器や電気配線の異常の有無を確認する。,作業者の私物を点検する。,燃料販売契約を点検する。,作業靴の色を点検する。,昼食時間を点検する。,1,自動制御装置では火炎検出器や電気配線などの異常を確認する。
238,single,関係法令,定期自主検査・変更届,附属装置及び附属品の定期自主検査として、適切なものは次のうちどれか。,,,,,,水処理装置やスートブロワなどの異常の有無を確認する。,作業者の年齢を確認する。,机の配置だけを確認する。,燃料販売店の広告を確認する。,通勤経路を確認する。,1,附属装置及び附属品では、水処理装置やスートブロワなどの状態を確認する。
239,single,関係法令,法令総合,法令問題で『移動式ボイラーを除く』とある場合の注意として、適切なものは次のうちどれか。,,,,,,対象から移動式ボイラーが除外されている前提で読む。,移動式ボイラーだけを対象にする。,条件を無視してよい。,燃料だけで判断する。,選択肢番号だけで判断する。,1,除外条件は正答に影響するため、問題文の条件を必ず確認する。
240,single,関係法令,法令総合,法令問題で『小型ボイラーを除く』とある場合の注意として、適切なものは次のうちどれか。,,,,,,小型ボイラーに関する別扱いを混同しない。,全て小型ボイラーとして扱う。,問題文の条件は無意味である。,必ず燃料の種類だけで判断する。,解答番号は常に1である。,1,小型ボイラー除外の条件は、適用条文や正答に影響する。
241,single,ボイラーの構造に関する知識,熱・蒸気・圧力,飽和水に関する記述として、適切なものは次のうちどれか。,,,,,,その圧力で沸騰を始める温度に達した水である。,常に0度の水である。,過熱蒸気だけをいう。,燃料油中の水分をいう。,煙道内の凝縮水だけをいう。,1,飽和水は、与えられた圧力で沸騰温度に達した水をいう。
242,single,ボイラーの構造に関する知識,熱・蒸気・圧力,潜熱に関する記述として、適切なものは次のうちどれか。,,,,,,状態変化に伴って出入りする熱である。,圧力計のばねに蓄えられる機械的エネルギーである。,水位計の照明熱だけをいう。,燃料の灰分だけをいう。,煙突の高さで決まる風圧だけをいう。,1,潜熱は、温度変化を伴わない状態変化に必要な熱である。
243,single,ボイラーの構造に関する知識,熱・蒸気・圧力,過熱蒸気に関する記述として、適切なものは次のうちどれか。,,,,,,飽和温度より高い温度に加熱された蒸気である。,水滴を多量に含む湿り蒸気だけをいう。,常に大気圧の蒸気だけをいう。,燃料油を加熱した気体である。,水処理薬剤の名称である。,1,過熱蒸気は、同じ圧力の飽和温度を超えて加熱された蒸気である。
244,single,ボイラーの構造に関する知識,炉筒煙管・貫流・鋳鉄製,炉筒煙管ボイラーの特徴として、適切なものは次のうちどれか。,,,,,,胴内に炉筒や煙管を設け、燃焼ガスを通して加熱する。,水管だけで構成され胴を持たない。,燃料を貯蔵するためだけの容器である。,水面計を備えることができない。,蒸気を発生しない。,1,炉筒煙管ボイラーは、炉筒や煙管を通る燃焼ガスで胴内の水を加熱する。
245,single,ボイラーの構造に関する知識,炉筒煙管・貫流・鋳鉄製,立てボイラーに関する記述として、適切なものは次のうちどれか。,,,,,,胴を縦に置く構造のボイラーである。,燃料を縦に積む貯蔵棚である。,安全弁の一形式だけをいう。,給水ポンプの羽根車である。,煙突の基礎だけをいう。,1,立てボイラーは胴を縦方向に配置した構造で、小容量用途で扱われる。
246,single,ボイラーの構造に関する知識,水循環・水管ボイラー,自然循環式水管ボイラーの循環力に関する記述として、適切なものは次のうちどれか。,,,,,,加熱された水と未加熱水の密度差を利用する。,燃料ポンプの吐出圧だけを利用する。,煙突高さだけで給水する。,安全弁の吹出し力で循環する。,水面計の照明で循環する。,1,自然循環では、水と蒸気水混合物の密度差によって循環が生じる。
247,single,ボイラーの構造に関する知識,水循環・水管ボイラー,強制循環式ボイラーに関する記述として、適切なものは次のうちどれか。,,,,,,ポンプなどでボイラー水を循環させる。,循環を一切行わない。,燃料油を自然落下だけで循環させる。,水面計の上下コックで燃焼空気を循環させる。,煙突の風だけで給水する。,1,強制循環式では循環ポンプなどを用いて水を循環させる。
248,single,ボイラーの構造に関する知識,燃焼室・伝熱面,接触伝熱面に関する記述として、適切なものは次のうちどれか。,,,,,,燃焼ガスとの接触により主に対流伝熱を受ける面である。,水面計の外面だけをいう。,燃料タンクの底面である。,安全弁の弁座面だけをいう。,煙突外面の塗装面だけをいう。,1,接触伝熱面では燃焼ガスとの接触による対流伝熱が主体となる。
249,single,ボイラーの構造に関する知識,燃焼室・伝熱面,放射伝熱面に関する記述として、適切なものは次のうちどれか。,,,,,,火炎からの放射熱を主に受ける伝熱面である。,水処理装置の樹脂面である。,圧力計の文字盤である。,燃料計の目盛である。,安全弁の銘板である。,1,炉内の水冷壁などは火炎からの放射熱を受ける代表的な伝熱面である。
250,single,ボイラーの構造に関する知識,給水・節炭器・空気予熱器,給水内管に関する記述として、適切なものは次のうちどれか。,,,,,,給水を胴内に分散させ、局部的な温度差を小さくする目的で設けられることがある。,燃料油を加熱する専用管である。,煙突内のすすを吹き飛ばす管である。,安全弁の吹出し管である。,水面計のガラス保護管である。,1,給水内管は給水を胴内へ適切に導き、熱応力の軽減などに役立つ。
251,single,ボイラーの構造に関する知識,給水・節炭器・空気予熱器,逆止め弁に関する記述として、適切なものは次のうちどれか。,,,,,,流体の逆流を防止するために用いられる。,圧力を必ず大気圧まで下げる。,燃料を完全燃焼させる触媒である。,水の硬度を取り除く薬剤である。,火炎を検出するセンサである。,1,逆止め弁は、給水などの逆流を防ぐ目的で設けられる。
252,single,ボイラーの構造に関する知識,附属品・計測器,連成計に関する記述として、適切なものは次のうちどれか。,,,,,,正圧と負圧の両方を測定できる計器である。,水の硬度だけを測る計器である。,燃料の硫黄分だけを測る計器である。,火炎の色だけを測る計器である。,煙突高さを自動変更する装置である。,1,連成計は圧力と真空の両側を測れる計器である。
253,single,ボイラーの構造に関する知識,附属品・計測器,温度計の取付けに関する記述として、適切なものは次のうちどれか。,,,,,,測定対象の温度を代表できる位置に取り付ける。,必ず燃料タンクの外側だけに取り付ける。,水位を測るためだけに取り付ける。,安全弁の代わりに取り付ける。,煙突を支えるために取り付ける。,1,温度計は、給水、蒸気、排ガスなど目的に応じた代表位置に設ける。
254,single,ボイラーの構造に関する知識,自動制御・燃焼安全装置,オンオフ制御に関する記述として、適切なものは次のうちどれか。,,,,,,操作量を全開又は全閉など二位置で切り替える制御である。,操作量を連続的に微分だけで決める制御である。,水質を自動で完全に純水化する制御である。,安全弁のばねを交換する制御である。,煙突の高さを自動で変える制御である。,1,オンオフ制御は、設定値を境に操作を入切する単純な制御方式である。
255,single,ボイラーの構造に関する知識,自動制御・燃焼安全装置,低水位燃料遮断装置の目的として、適切なものは次のうちどれか。,,,,,,低水位時に燃料供給を遮断して過熱を防ぐ。,燃料の硫黄分を除去する。,水面計のガラスを着色する。,排ガス温度を測定する。,蒸気の乾き度を上げる薬剤である。,1,低水位燃料遮断装置は、低水位による伝熱面過熱を防ぐための安全装置である。
256,single,ボイラーの構造に関する知識,附属品・計測器,蒸気トラップに関する記述として、適切なものは次のうちどれか。,,,,,,蒸気配管などから復水を自動的に排出する。,燃料油を霧化する。,ボイラー水の硬度を測定する。,水面計の代わりに水位を表示する。,安全弁の吹出し圧力を設定する。,1,蒸気トラップは蒸気の漏れを抑えながら復水を排出する装置である。
257,single,ボイラーの構造に関する知識,附属品・計測器,気水分離器を設ける主な目的として、適切なものは次のうちどれか。,,,,,,蒸気中の水滴を取り除き乾き度を高める。,燃料中の灰分を燃やす。,煙突の通風を止める。,給水の硬度を高くする。,安全弁の作動を妨げる。,1,気水分離器はキャリオーバした水分を分離し、蒸気の質を改善する。
258,single,ボイラーの構造に関する知識,給水・節炭器・空気予熱器,節炭器で起こり得る低温腐食に関する記述として、適切なものは次のうちどれか。,,,,,,排ガス温度が酸露点以下になると腐食のおそれがある。,給水温度を上げるほど必ず腐食が増える。,硫黄分は腐食に関係しない。,水面計の閉塞だけが原因である。,安全弁の吹出しだけで発生する。,1,重油燃焼などでは、排ガスが酸露点以下になると低温腐食が問題になる。
259,single,ボイラーの構造に関する知識,炉筒煙管・貫流・鋳鉄製,鋳鉄製ボイラーの特徴として、適切でないものは次のうちどれか。,,,,,,セクションを組み合わせる構造のものがある。,低圧暖房用などに用いられる。,鋳鉄は急熱急冷や衝撃に注意を要する。,高圧大容量発電用に常に最も適している。,返り管や水源接続が法令で問われることがある。,4,鋳鉄製ボイラーは低圧用途で扱われることが多く、高圧大容量用途に常に最適というわけではない。
260,single,ボイラーの構造に関する知識,附属品・計測器,逃がし管に関する記述として、適切なものは次のうちどれか。,,,,,,安全弁などから吹き出した蒸気を安全な場所へ導くために設ける。,燃料油をバーナへ戻すためだけの管である。,給水を軟化するための管である。,水面計の照明を支える管である。,煙突の通風を止めるための管である。,1,逃がし管は、安全弁などの吹出し蒸気を安全に処理するための配管である。
261,single,ボイラーの取扱いに関する知識,点火・たき始め,点火前換気の目的として、適切なものは次のうちどれか。,,,,,,炉内や煙道に残った未燃ガスを排出する。,給水の硬度を下げる。,安全弁の設定圧力を上げる。,燃料の発熱量を増やす。,水面計の目盛を消す。,1,点火前換気は未燃ガスを排出し、着火時の爆発を防ぐために行う。
262,single,ボイラーの取扱いに関する知識,点火・たき始め,たき始め時の昇圧に関する記述として、適切なものは次のうちどれか。,,,,,,急激な昇圧を避け、各部の膨張や漏れを確認する。,安全弁を固定して急速に昇圧する。,水位を確認せずに燃焼量を最大にする。,空気抜きを一切行わない。,圧力計を取り外して運転する。,1,たき始めでは急熱を避け、圧力、水位、漏れ、膨張状態を確認する。
263,single,ボイラーの取扱いに関する知識,点火・たき始め,バーナ点火時に失火した場合の対応として、適切なものは次のうちどれか。,,,,,,燃料を遮断し、換気してから原因を確認する。,直ちに燃料を多くして再点火する。,火炎検出器を無効にする。,水位計を閉じたまま運転する。,安全装置を取り外す。,1,失火時は未燃燃料の蓄積を防ぎ、換気と原因確認を行ってから再点火する。
264,single,ボイラーの取扱いに関する知識,水位・低水位,水面計の吹出し操作の目的として、適切なものは次のうちどれか。,,,,,,連絡管やコックの閉塞を確認し、機能を保つ。,燃料を霧化する。,排ガス中の酸素を測る。,安全弁のばねを洗う。,ボイラー検査証を更新する。,1,水面計の吹出しは水位表示の信頼性確認と閉塞防止のために行う。
265,single,ボイラーの取扱いに関する知識,水位・低水位,水位が急に上昇した場合に疑うべき事項として、適切なものは次のうちどれか。,,,,,,給水弁の漏れや自動制御の異常などを確認する。,燃料発熱量の低下だけを確認する。,煙突の色だけを確認する。,安全弁の銘板だけを見る。,作業主任者名札だけを確認する。,1,水位異常では給水系統、制御装置、水面計の異常を確認する。
266,single,ボイラーの取扱いに関する知識,水位・低水位,低水位警報が作動した場合の対応として、適切なものは次のうちどれか。,,,,,,警報を無視せず、燃焼停止や原因確認を行う。,警報音を止めるためだけに電源を切る。,水位を確認せず燃焼を続ける。,安全弁を固定する。,吹出し弁を長時間全開にする。,1,低水位警報は重大事故を防ぐ重要な警報であり、直ちに安全確認を行う。
267,single,ボイラーの取扱いに関する知識,吹出し・水管理,吹出しを行う際の注意として、適切なものは次のうちどれか。,,,,,,水位と圧力を確認し、急激な水位低下を避ける。,水位を見ずに長時間行う。,燃焼量を必ず最大にする。,吹出し配管の安全を確認しない。,水面計を閉じたまま行う。,1,吹出しは水位低下や熱衝撃に注意し、手順に従って行う。
268,single,ボイラーの取扱いに関する知識,吹出し・水管理,ボイラー水の濃縮が進みすぎた場合に起こり得る障害として、適切なものは次のうちどれか。,,,,,,泡立ちやキャリオーバが生じやすくなる。,必ず燃焼効率が100%になる。,安全弁が不要になる。,水面計が自動で清掃される。,給水ポンプが燃料ポンプになる。,1,ボイラー水の過濃縮は泡立ち、プライミング、キャリオーバの原因となる。
269,single,ボイラーの取扱いに関する知識,水処理・スケール・腐食,スケール付着による影響として、適切なものは次のうちどれか。,,,,,,伝熱を妨げ、伝熱面の過熱を招く。,伝熱を必ず良くする。,燃料中の硫黄分を除去する。,水位を正確に表示する。,排ガス中の酸素をゼロにする。,1,スケールは熱伝導を悪くし、燃料消費増加や伝熱面過熱につながる。
270,single,ボイラーの取扱いに関する知識,水処理・スケール・腐食,溶存酸素がボイラーに及ぼす影響として、適切なものは次のうちどれか。,,,,,,腐食の原因となる。,スケールを完全に除去する。,燃料を霧化する。,安全弁の吹出し量を増やす。,水面計の目盛を自動で読む。,1,給水中の溶存酸素は腐食原因となるため、脱気や薬注管理が行われる。
271,single,ボイラーの取扱いに関する知識,水処理・スケール・腐食,水処理でpH管理が重要な理由として、適切なものは次のうちどれか。,,,,,,腐食やスケール障害の防止に関係する。,燃料の発熱量だけを決める。,煙突高さだけを決める。,安全弁のばね定数を決める。,ボイラー室の照度だけを決める。,1,pH管理は腐食抑制や水処理薬品の効果に関係する。
272,single,ボイラーの取扱いに関する知識,キャリオーバ・スートブロー,プライミングに関する記述として、適切なものは次のうちどれか。,,,,,,ボイラー水が泡立ち、蒸気に水分が混入しやすくなる現象である。,燃料を予熱する操作である。,安全弁の分解整備である。,水面計を照明する装置である。,煙突の通風力測定である。,1,プライミングは泡立ちなどにより蒸気側へ水分が運ばれる現象である。
273,single,ボイラーの取扱いに関する知識,キャリオーバ・スートブロー,スートブロー実施時の注意として、適切なものは次のうちどれか。,,,,,,燃焼状態や通風、周囲の安全に注意して行う。,必ず水位を見ずに行う。,炉内圧を無視する。,安全弁を固定して行う。,燃料漏れを放置して行う。,1,スートブローはすす除去に有効だが、炉内圧や火炎、作業安全に注意が必要である。
274,single,ボイラーの取扱いに関する知識,保存・停止・清掃,運転停止時の燃料遮断に関する記述として、適切なものは次のうちどれか。,,,,,,所定の手順で燃料を遮断し、残火や漏れを確認する。,燃料弁を開けたまま放置する。,火炎確認を行わない。,水位を見ずに胴を空にする。,安全装置を取り外す。,1,停止時は燃料遮断、火炎消失、漏れの有無などを確認する。
275,single,ボイラーの取扱いに関する知識,保存・停止・清掃,乾燥保存を行う場合の注意として、適切なものは次のうちどれか。,,,,,,内部を乾燥させ、乾燥剤の状態を定期的に確認する。,水を満たしたまま乾燥剤を入れるだけでよい。,腐食確認を行わない。,燃料油を内部に満たす。,マンホールを開けたまま雨水を入れる。,1,乾燥保存では湿気を避け、乾燥剤の吸湿状態を確認する。
276,single,ボイラーの取扱いに関する知識,燃焼安全装置,プレパージに関する記述として、適切なものは次のうちどれか。,,,,,,点火前に炉内を換気する操作である。,停止後に給水を全量排出する操作である。,ボイラー水を軟化する薬剤である。,安全弁を封印する作業である。,煙突を塗装する作業である。,1,プレパージは点火前換気のことで、未燃ガスを排出する。
277,single,ボイラーの取扱いに関する知識,燃焼安全装置,ポストパージに関する記述として、適切なものは次のうちどれか。,,,,,,燃焼停止後に炉内を換気する操作である。,点火前に燃料を多量に送る操作である。,水面計を閉じる操作である。,安全弁を作動不能にする操作である。,給水を完全に止める薬剤処理である。,1,ポストパージは燃焼停止後の未燃ガス排出や炉内換気に関係する。
278,single,ボイラーの取扱いに関する知識,異常時対応,圧力が異常に上昇した場合の対応として、適切なものは次のうちどれか。,,,,,,燃焼を弱め又は停止し、安全弁や圧力計の状態を確認する。,燃焼量をさらに上げる。,安全弁を固定する。,圧力計を外して運転する。,水位を確認しない。,1,圧力異常では燃焼制御、安全弁、圧力計、負荷側の状態を確認する。
279,single,ボイラーの取扱いに関する知識,異常時対応,給水ができない場合の対応として、適切なものは次のうちどれか。,,,,,,燃焼を停止し、給水系統や水位を確認する。,水位を見ずに運転を続ける。,吹出しを長時間行う。,燃料量を最大にする。,低水位警報を無効にする。,1,給水不能は低水位に直結するため、燃焼停止と原因確認が重要である。
280,single,ボイラーの取扱いに関する知識,異常時対応,異音や異常振動を認めた場合の対応として、適切なものは次のうちどれか。,,,,,,負荷を下げる、停止するなどして原因を確認する。,異常を無視して運転を続ける。,安全装置を取り外す。,水面計を閉じる。,燃料漏れを放置する。,1,異音や振動は機器異常の兆候であり、早期確認が必要である。
281,single,燃料及び燃焼に関する知識,燃料性質・発熱量,高発熱量に関する記述として、適切なものは次のうちどれか。,,,,,,燃焼で生じる水蒸気の凝縮潜熱を含めた発熱量である。,水蒸気の凝縮潜熱を含めない発熱量である。,燃料の粘度だけを示す値である。,燃焼用空気の温度だけを示す値である。,安全弁の吹出し量である。,1,高発熱量は、生成水蒸気が凝縮して放出する熱を含む。
282,single,燃料及び燃焼に関する知識,燃料性質・発熱量,低発熱量に関する記述として、適切なものは次のうちどれか。,,,,,,燃焼で生じる水蒸気の凝縮潜熱を含めない発熱量である。,常に高発熱量より大きい。,燃料の密度だけを示す。,水面計の水位である。,安全弁の設定圧力である。,1,低発熱量は、生成水蒸気の凝縮潜熱を差し引いた発熱量である。
283,single,燃料及び燃焼に関する知識,燃料性質・発熱量,燃料の灰分が多い場合に起こり得ることとして、適切なものは次のうちどれか。,,,,,,伝熱面への付着やばいじん増加の原因となる。,燃焼用空気が不要になる。,NOxが必ずゼロになる。,水処理が不要になる。,安全弁が不要になる。,1,灰分は燃焼後の残留物で、付着やばいじんの原因となる。
284,single,燃料及び燃焼に関する知識,燃料性質・発熱量,燃料中の水分が多い場合の影響として、適切なものは次のうちどれか。,,,,,,有効発熱量が低下し、燃焼状態が悪くなることがある。,発熱量が必ず増加する。,燃焼用空気が不要になる。,硫黄分が必ずゼロになる。,安全装置が不要になる。,1,水分が多い燃料では、水分の加熱・蒸発に熱を奪われる。
285,single,燃料及び燃焼に関する知識,重油・低温腐食,重油の粘度管理に関する記述として、適切なものは次のうちどれか。,,,,,,適切に加熱して噴霧しやすい粘度に調整する。,粘度は燃焼に全く関係しない。,粘度は高いほど常に完全燃焼する。,水面計で粘度を測る。,安全弁で粘度を下げる。,1,重油は粘度が高いと霧化が悪くなるため、加熱管理が重要である。
286,single,燃料及び燃焼に関する知識,重油・低温腐食,燃料油ストレーナの目的として、適切なものは次のうちどれか。,,,,,,燃料中のごみを除去し、バーナ詰まりを防ぐ。,空気中の酸素を除去する。,水面計の水をろ過する。,安全弁の吹出しを止める。,排ガス温度を下げる薬剤である。,1,ストレーナは燃料中の異物を取り除き、ポンプやバーナを保護する。
287,single,燃料及び燃焼に関する知識,重油・低温腐食,燃料油加熱温度が高すぎる場合に起こり得ることとして、適切なものは次のうちどれか。,,,,,,気化やポンプ障害などを招くことがある。,燃焼用空気が不要になる。,水位が自動で安定する。,硫黄分が完全に消える。,安全弁が不要になる。,1,燃料油は適正温度に保ち、過熱や粘度不足にも注意する。
288,single,燃料及び燃焼に関する知識,油バーナ,圧力噴霧式バーナに関する記述として、適切なものは次のうちどれか。,,,,,,燃料油に圧力をかけ、ノズルから噴出させて霧化する。,蒸気だけで燃料を全く使わず燃焼する。,水面計を使って霧化する。,安全弁の吹出しで霧化する。,煙突の自然通風だけで燃料を分解する。,1,圧力噴霧式バーナは燃料油の圧力を利用して霧化する。
289,single,燃料及び燃焼に関する知識,油バーナ,戻り油式バーナに関する記述として、適切なものは次のうちどれか。,,,,,,余分な燃料油を戻し、噴霧量を調整する方式である。,燃料を全量炉内に戻す方式である。,空気を全く使わない方式である。,水処理用の方式である。,安全弁の一種である。,1,戻り油式では、戻り油量を変えて燃焼量を調整する。
290,single,燃料及び燃焼に関する知識,油バーナ,バーナの空気レジスタに関する記述として、適切なものは次のうちどれか。,,,,,,燃焼用空気の流れや量を調整する。,給水の硬度を下げる。,燃料中の灰分を測定する。,水面計の水位を表示する。,ボイラー検査証を保管する。,1,空気レジスタは、燃焼用空気の供給状態を整える部品である。
291,single,燃料及び燃焼に関する知識,気体燃料・燃焼方式,気体燃料の燃焼で特に注意すべきこととして、適切なものは次のうちどれか。,,,,,,漏えい時の爆発・火災危険に注意する。,漏えいしても危険はない。,空気と混合しない。,火炎検出が不要である。,換気は常に不要である。,1,気体燃料は混合気を形成しやすく、漏えい検知や換気が重要である。
292,single,燃料及び燃焼に関する知識,気体燃料・燃焼方式,予混合燃焼に関する記述として、適切なものは次のうちどれか。,,,,,,燃料と空気をあらかじめ混合して燃焼させる。,燃料と空気を絶対に混ぜない。,水を燃料に混ぜる方式である。,安全弁を予熱する方式である。,煙突内だけで燃焼させる方式である。,1,予混合燃焼では、燃料と空気を燃焼前に混合する。
293,single,燃料及び燃焼に関する知識,気体燃料・燃焼方式,拡散燃焼に関する記述として、適切なものは次のうちどれか。,,,,,,燃料と空気が燃焼しながら混合する燃焼である。,燃料と空気をあらかじめ完全混合してからだけ燃やす。,水中でのみ行う燃焼である。,安全弁の作動方式である。,ボイラー水の循環方式である。,1,拡散燃焼では燃料と空気が接触・混合しながら燃焼が進む。
294,single,燃料及び燃焼に関する知識,通風・ファン,自然通風に関する記述として、適切なものは次のうちどれか。,,,,,,煙突内外の温度差による密度差を利用する。,必ず押込ファンだけを用いる。,給水ポンプの圧力で通風する。,安全弁の吹出しだけで通風する。,水面計の水位で通風量を決める。,1,自然通風は、煙突の内外温度差による浮力を利用する。
295,single,燃料及び燃焼に関する知識,通風・ファン,平衡通風に関する記述として、適切なものは次のうちどれか。,,,,,,押込ファンと誘引ファンを用いて炉内圧を調整する方式である。,ファンを一切使わない方式である。,給水ポンプだけで通風する方式である。,安全弁で空気量を調整する方式である。,水面計で排ガスを吸引する方式である。,1,平衡通風では押込と誘引の両方を使い、炉内圧を適切に保つ。
296,single,燃料及び燃焼に関する知識,空気比・NOx・熱損失,空気過剰が大きすぎる場合の影響として、適切なものは次のうちどれか。,,,,,,排ガス量が増え、排ガス熱損失が増加しやすい。,燃料消費が必ずゼロになる。,燃焼用空気が不要になる。,水位が自動で一定になる。,安全弁が不要になる。,1,過剰空気が多すぎると、加熱されて捨てられる排ガス量が増える。
297,single,燃料及び燃焼に関する知識,空気比・NOx・熱損失,NOx発生の抑制に関する記述として、適切なものは次のうちどれか。,,,,,,燃焼温度や空気比を適切に管理する。,空気比を常に無限大にする。,不完全燃焼を常に発生させる。,水面計を閉じる。,安全弁を固定する。,1,NOxは高温燃焼や空気比に関係するため、燃焼管理が重要である。
298,single,燃料及び燃焼に関する知識,空気比・NOx・熱損失,排ガス中の酸素濃度が高すぎる場合に疑われることとして、適切なものは次のうちどれか。,,,,,,過剰空気が多い可能性がある。,空気不足が必ず起きている。,COが必ずゼロである。,燃料が全く供給されていないことだけを示す。,水処理が完了したことを示す。,1,O2濃度は空気比判断の手掛かりとなり、高すぎる場合は過剰空気を疑う。
299,single,燃料及び燃焼に関する知識,燃焼計算・燃焼管理,完全燃焼に必要な条件として、適切でないものは次のうちどれか。,,,,,,適切な空気量,燃料と空気の良好な混合,十分な燃焼温度,十分な燃焼時間,燃料と空気を接触させないこと,5,完全燃焼には、空気量、混合、温度、時間が重要である。
300,single,燃料及び燃焼に関する知識,燃焼計算・燃焼管理,黒煙が発生している場合に疑われることとして、適切なものは次のうちどれか。,,,,,,空気不足や噴霧不良などによる不完全燃焼,完全燃焼が常に最良である証拠,水処理の完了,安全弁の正常作動だけ,ボイラー検査証の更新,1,黒煙は燃焼不良、空気不足、霧化不良などを示すことが多い。
301,single,関係法令,伝熱面積・ボイラー種別,小型ボイラーに関する法令問題で注意すべきこととして、適切なものは次のうちどれか。,,,,,,通常のボイラーとの適用範囲や手続の違いを確認する。,すべて通常のボイラーと全く同じ手続と考える。,燃料の色だけで判断する。,水面計のメーカーで判断する。,選択肢番号だけで判断する。,1,法令問題では、小型ボイラー、簡易ボイラー、通常のボイラーの区分が重要である。
302,single,関係法令,伝熱面積・ボイラー種別,簡易ボイラーに関する問題で注意すべきこととして、適切なものは次のうちどれか。,,,,,,適用除外や区分を通常のボイラーと混同しない。,必ず作業主任者選任が同じになる。,伝熱面積を無視してよい。,水処理だけで区分する。,煙突高さだけで区分する。,1,簡易ボイラーは法令上の扱いが異なるため、区分の混同に注意する。
303,single,関係法令,設置・ボイラー室,ボイラー室の整理整頓に関する記述として、適切なものは次のうちどれか。,,,,,,運転や避難に支障がないよう通路や周囲を確保する。,炉前に可燃物を積み上げる。,出入口を資材でふさぐ。,燃料漏れを放置する。,照明を常に消して点検しにくくする。,1,ボイラー室では取扱い、点検、避難に支障がない環境を保つ。
304,single,関係法令,設置・ボイラー室,ボイラー室の換気に関する記述として、適切なものは次のうちどれか。,,,,,,燃焼用空気の確保や室温上昇防止のため重要である。,換気は燃焼に関係しない。,常に密閉するほど安全である。,燃料漏れ時も換気してはならない。,水面計の代わりになる。,1,ボイラー室の換気は燃焼、安全、作業環境の面で重要である。
305,single,関係法令,検査・検査証,使用検査に関する問題で注意すべきこととして、適切なものは次のうちどれか。,,,,,,輸入や一定の設置前使用など、検査の目的と場面を区別する。,性能検査と常に同じ意味である。,定期自主検査と常に同じ意味である。,燃料検査のことだけをいう。,水質検査だけをいう。,1,法令では検査名ごとに場面や目的が異なるため、名称の混同に注意する。
306,single,関係法令,検査・検査証,落成検査に関する記述として、適切なものは次のうちどれか。,,,,,,設置後、使用前に受ける検査として問われる。,毎日行う燃焼点検だけをいう。,燃料販売時の品質検査である。,水面計の吹出しだけをいう。,安全弁の購入手続だけをいう。,1,落成検査は設置後の使用開始前に関連して出題される。
307,single,関係法令,検査・検査証,性能検査に関する記述として、適切なものは次のうちどれか。,,,,,,継続使用のため、一定期間ごとに受ける検査として問われる。,点火前換気の別名である。,燃料油の粘度測定だけをいう。,水面計の清掃だけをいう。,安全弁を固定する検査である。,1,性能検査はボイラー検査証の有効期間更新と関連して問われる。
308,single,関係法令,検査・検査証,ボイラー検査証の有効期間に関する問題で注意すべきこととして、適切なものは次のうちどれか。,,,,,,性能検査や有効期間更新の扱いを確認する。,有効期間は一切存在しない。,燃料価格で有効期間が決まる。,作業者の人数だけで決まる。,水面計の本数だけで決まる。,1,検査証の有効期間は性能検査と結び付けて問われやすい。
309,single,関係法令,変更・休止・廃止,ボイラーを休止する場合の法令問題で注意すべきこととして、適切なものは次のうちどれか。,,,,,,休止期間や再使用時の手続を確認する。,休止すればすべての手続が永久に不要になる。,燃料を入れたままなら手続は関係ない。,水面計の本数だけで判断する。,煙突を外せば必ず検査不要である。,1,休止や再使用に関する問題では、条件と必要手続を整理して読む。
310,single,関係法令,変更・休止・廃止,ボイラーの主要部分を変更する場合に注意すべきこととして、適切なものは次のうちどれか。,,,,,,変更届や変更検査の要否を確認する。,どの変更も必ず手続不要である。,塗装色だけで変更検査が決まる。,作業者の好みで判断する。,燃料販売店が自動的に判断する。,1,胴、ドラム、過熱器など主要部分の変更は法令問題で頻出である。
311,single,関係法令,作業主任者・取扱資格,ボイラー取扱作業主任者の選任に関する記述として、適切なものは次のうちどれか。,,,,,,一定のボイラー取扱作業では資格を有する者から選任する。,誰でも無条件に選任できる。,燃料販売店が必ず選任される。,水処理薬剤の納入者が自動で選任される。,検査証があれば選任は常に不要である。,1,作業主任者は法令に基づき、資格者から選任する必要がある。
312,single,関係法令,作業主任者・取扱資格,作業主任者の職務として、適切でないものは次のうちどれか。,,,,,,圧力、水位、燃焼状態を監視する。,急激な負荷変動を避けるよう注意する。,安全弁の機能を保持する。,低水位などの異常を防止する。,安全装置を取り外して運転を続ける。,5,作業主任者は安全装置の機能保持や異常防止を図る立場である。
313,single,関係法令,作業主任者・取扱資格,取扱資格の問題で読み落としやすい条件として、適切なものは次のうちどれか。,,,,,,ボイラーの種類、伝熱面積、圧力などの条件,選択肢の文字数,問題番号の偶奇,燃料販売店の名称,ボイラー室の床色,1,取扱資格は種類や規模の条件によって範囲が異なる。
314,single,関係法令,附属品・安全弁・圧力計,安全弁に関する記述として、適切なものは次のうちどれか。,,,,,,ボイラーの圧力上昇を防ぐ重要な安全装置である。,水位を測る計器である。,燃料を霧化するノズルである。,排ガスを分析する装置である。,給水を軟化する薬剤である。,1,安全弁は過圧防止のために設けられる代表的な安全装置である。
315,single,関係法令,附属品・安全弁・圧力計,圧力計に関する法令問題で注意すべきこととして、適切なものは次のうちどれか。,,,,,,最高使用圧力や目盛、取付状態に関する規定を確認する。,圧力計は法令問題で一切扱われない。,水面計と同じものとして扱う。,燃料の種類だけで目盛が決まる。,作業者の年齢で目盛が決まる。,1,圧力計は最高使用圧力との関係や取付方法が問われやすい。
316,single,関係法令,附属品・安全弁・圧力計,水面測定装置に関する記述として、適切なものは次のうちどれか。,,,,,,ボイラーの安全運転に必要な水位確認のために設けられる。,燃料中の硫黄分を測る装置である。,煙突の高さを測る装置である。,排ガス中のCOを測る装置である。,安全弁のばねを作る装置である。,1,水位確認は低水位事故防止の基本であり、水面計などが重要である。
317,single,関係法令,定期自主検査・変更届,定期自主検査の記録に関する問題で注意すべきこととして、適切なものは次のうちどれか。,,,,,,検査項目、結果、補修内容などの記録保存を確認する。,記録は一切不要である。,燃料価格だけを記録する。,作業者の趣味だけを記録する。,水面計の色だけを記録する。,1,定期自主検査では実施内容や結果の記録が問われやすい。
318,single,関係法令,定期自主検査・変更届,定期自主検査で自動制御装置を点検する理由として、適切なものは次のうちどれか。,,,,,,燃焼や水位の安全制御が正常に働くか確認するため。,燃料販売価格を決めるため。,作業者の資格を自動で更新するため。,ボイラー室の色を決めるため。,煙突を自動で撤去するため。,1,自動制御装置は異常時の安全確保に関係するため、点検が重要である。
319,single,関係法令,定期自主検査・変更届,定期自主検査で水処理装置を確認する理由として、適切なものは次のうちどれか。,,,,,,スケールや腐食障害の防止に関係するため。,燃料の色を変えるため。,安全弁を不要にするため。,作業主任者を不要にするため。,検査証を自動発行するため。,1,水処理装置の異常はスケール、腐食、キャリオーバなどにつながる。
320,single,関係法令,法令総合,法令問題を解く際に最も重要な読み方として、適切なものは次のうちどれか。,,,,,,『除く』『以上』『未満』などの条件語を正確に読む。,問題文の条件語を無視する。,選択肢の長さだけで判断する。,必ず選択肢1を選ぶ。,科目名だけで判断する。,1,法令問題では、対象範囲や数値条件を示す語句が正答を左右する。
321,single,ボイラーの構造に関する知識,熱・蒸気・圧力,水の比熱に関する記述として、適切なものは次のうちどれか。,,,,,,水1kgの温度を1K上げるのに必要な熱量に関係する。,安全弁の吹出し圧力を表す。,燃料油の粘度だけを表す。,煙突の高さを表す。,水面計のガラス長さを表す。,1,比熱は単位質量の物質の温度を単位温度上げるために必要な熱量である。
322,single,ボイラーの構造に関する知識,熱・蒸気・圧力,絶対圧力に関する記述として、適切なものは次のうちどれか。,,,,,,大気圧を基準にした圧力である。,真空を基準にした圧力である。,燃料の発熱量である。,水位の高さだけを示す。,安全弁の口径だけを示す。,2,絶対圧力は完全真空を基準とする圧力で、ゲージ圧とは区別する。
323,single,ボイラーの構造に関する知識,熱・蒸気・圧力,圧力が高くなると水の沸点は一般にどうなるか。,,,,,,低くなる。,変わらない。,高くなる。,必ず0度になる。,燃料の種類だけで決まる。,3,飽和温度は圧力が高くなるほど高くなる。
324,single,ボイラーの構造に関する知識,熱・蒸気・圧力,湿り蒸気に関する記述として、適切なものは次のうちどれか。,,,,,,乾き飽和蒸気と水滴が混じった蒸気である。,必ず過熱蒸気である。,燃料ガスだけをいう。,水面計の内部水だけをいう。,圧力計内の空気だけをいう。,1,湿り蒸気は蒸気中に水滴を含む状態で、乾き度が1未満である。
325,single,ボイラーの構造に関する知識,燃焼室・伝熱面,伝熱面にすすが付着した場合の影響として、適切なものは次のうちどれか。,,,,,,熱伝達が悪くなり、排ガス温度が上がることがある。,伝熱が必ず良くなる。,水位が自動で安定する。,燃料中の硫黄分が消える。,安全弁が不要になる。,1,すすは断熱層となり、熱効率低下や排ガス温度上昇の原因となる。
326,single,ボイラーの構造に関する知識,燃焼室・伝熱面,炉壁の耐火材に関する記述として、適切なものは次のうちどれか。,,,,,,高温ガスから外壁を保護し、熱損失を抑える。,燃料を自動で脱硫する。,水の硬度を下げる。,圧力計の目盛を増やす。,水面計の代わりに水位を表示する。,1,耐火材や保温材は高温部の保護と熱損失低減に役立つ。
327,single,ボイラーの構造に関する知識,水循環・水管ボイラー,水循環が悪くなると起こり得る障害として、適切なものは次のうちどれか。,,,,,,伝熱面の過熱や焼損。,燃料の発熱量増加。,安全弁の自動増設。,水面計の不要化。,煙突高さの低下。,1,水循環不良は冷却不足を招き、伝熱面の過熱につながる。
328,single,ボイラーの構造に関する知識,水循環・水管ボイラー,ドラムに関する記述として、適切なものは次のうちどれか。,,,,,,蒸気と水を分離し、水管群の水循環にも関係する。,燃料だけを貯蔵する。,煙突の先端部である。,安全弁のばねである。,給水ポンプの羽根車である。,1,ドラムは気水分離や給水・蒸気の集まり、水循環に関係する主要部である。
329,single,ボイラーの構造に関する知識,炉筒煙管・貫流・鋳鉄製,貫流ボイラーで水質管理が重要な理由として、適切なものは次のうちどれか。,,,,,,保有水量が少なく、管内でのスケールや腐食の影響を受けやすい。,水を全く使わないため。,燃料だけで蒸気を直接作るため。,安全弁を設けないため。,水面計が常に不要なため。,1,貫流ボイラーは保有水量が少なく、給水管理と制御が重要である。
330,single,ボイラーの構造に関する知識,炉筒煙管・貫流・鋳鉄製,丸ボイラーの特徴として、適切なものは次のうちどれか。,,,,,,胴内に比較的多くの水を保有するものがある。,必ず水を保有しない。,燃料ガスだけを貯蔵する。,安全弁を設けることができない。,蒸気を発生できない。,1,丸ボイラーは胴に水を保有し、炉筒煙管式などが代表例である。
331,single,ボイラーの構造に関する知識,給水・節炭器・空気予熱器,節炭器の水漏れが疑われる兆候として、適切なものは次のうちどれか。,,,,,,煙道内の湿りや給水量の異常増加。,燃料発熱量の上昇。,水位計の消失。,安全弁の不要化。,煙突高さの自動上昇。,1,節炭器漏れでは煙道側への水漏れ、給水量変化、排ガス状態変化などに注意する。
332,single,ボイラーの構造に関する知識,給水・節炭器・空気予熱器,空気予熱器で燃焼用空気を予熱する利点として、適切なものは次のうちどれか。,,,,,,燃焼改善と熱効率向上に役立つ。,水位確認を不要にする。,燃料中の灰分をなくす。,安全弁の作動を止める。,給水を軟化する。,1,空気予熱器は排熱を利用して燃焼用空気を温め、効率改善に寄与する。
333,single,ボイラーの構造に関する知識,給水・節炭器・空気予熱器,給水ポンプのキャビテーションに関する記述として、適切なものは次のうちどれか。,,,,,,吸込み側圧力低下などで気泡が発生し、騒音や損傷を招く。,燃料の完全燃焼をいう。,水面計の吹出しをいう。,安全弁の吹出しをいう。,煙突の自然通風をいう。,1,キャビテーションはポンプ内で気泡が発生・崩壊し、性能低下や損傷につながる現象である。
334,single,ボイラーの構造に関する知識,附属品・計測器,水面計を2個設ける趣旨として、適切なものは次のうちどれか。,,,,,,一方に異常があっても水位確認の信頼性を高めるため。,水位を見えにくくするため。,燃料を節約するためだけ。,蒸気圧を下げるためだけ。,煙突通風を止めるため。,1,水面計は低水位事故防止に重要で、複数設置により確認の信頼性を高める。
335,single,ボイラーの構造に関する知識,附属品・計測器,安全弁の弁座漏れがある場合の影響として、適切なものは次のうちどれか。,,,,,,蒸気漏れによる損失や作動不良につながる。,燃焼効率が必ず上がる。,水質が必ず改善する。,給水が不要になる。,低水位が起こらなくなる。,1,安全弁の漏れは蒸気損失や機能低下の原因となるため点検が必要である。
336,single,ボイラーの構造に関する知識,附属品・計測器,圧力計の目盛範囲に関する記述として、適切なものは次のうちどれか。,,,,,,使用圧力を読み取りやすく、過圧も確認できる範囲が必要である。,目盛は全く不要である。,燃料の粘度だけを表示すればよい。,水位だけを表示すればよい。,煙突高さだけを表示すればよい。,1,圧力計は運転圧力と安全管理に必要な範囲を読み取れるものを用いる。
337,single,ボイラーの構造に関する知識,自動制御・燃焼安全装置,インタロックに関する記述として、適切なものは次のうちどれか。,,,,,,必要条件が満たされないと燃焼開始などを許可しない仕組みである。,燃料を加熱するだけの装置である。,水処理薬剤の名称である。,煙突内のすすである。,安全弁のばね材料である。,1,燃焼安全では、送風や火炎検出などの条件を満たさないと燃料供給しない制御が重要である。
338,single,ボイラーの構造に関する知識,自動制御・燃焼安全装置,シーケンス制御に関する記述として、適切なものは次のうちどれか。,,,,,,点火、燃焼、停止などを所定の順序で進める制御である。,水の硬度だけを下げる制御である。,燃料の硫黄分を測る制御である。,安全弁を固定する制御である。,煙突高さを測る制御である。,1,シーケンス制御は、安全な順序で機器を動作させるために用いられる。
339,single,ボイラーの構造に関する知識,自動制御・燃焼安全装置,高圧燃料遮断に関する記述として、適切なものは次のうちどれか。,,,,,,蒸気圧力が異常に上昇したとき燃料供給を止める安全機能である。,給水を加熱する機能である。,水位を高く表示する機能である。,燃料中の水分を増やす機能である。,煙突を冷却する機能である。,1,高圧時の燃料遮断は過圧事故を防ぐための安全機能である。
340,single,ボイラーの構造に関する知識,附属品・計測器,蒸気止め弁に関する記述として、適切なものは次のうちどれか。,,,,,,ボイラーから蒸気を送る配管を開閉するために設ける。,給水中の酸素を除去する薬剤である。,燃料油をろ過する装置である。,煙突内の通風力を発生させる装置である。,水面計の代わりに水位を示す装置である。,1,蒸気止め弁は蒸気の送出を開閉する重要な附属品である。
341,single,ボイラーの取扱いに関する知識,点火・たき始め,点火前に燃料漏れを確認する理由として、適切なものは次のうちどれか。,,,,,,漏れた燃料への着火や爆発を防ぐため。,給水を軟化するため。,蒸気の乾き度を上げるためだけ。,安全弁の口径を測るため。,水面計の色を変えるため。,1,燃料漏れは火災や爆発の原因となるため、点火前確認が必要である。
342,single,ボイラーの取扱いに関する知識,点火・たき始め,冷たいボイラーを急激にたき上げることが適切でない理由として、適切なものは次のうちどれか。,,,,,,熱応力や漏れを生じやすいため。,燃料が必ず不要になるため。,水位が見えなくなる法令があるため。,安全弁が増えるため。,煙突が短くなるため。,1,急熱は部材の温度差を大きくし、熱応力や漏れの原因となる。
343,single,ボイラーの取扱いに関する知識,水位・低水位,水面計の水側連絡管が詰まった場合に起こり得ることとして、適切なものは次のうちどれか。,,,,,,実際より水位が高く見えるなど誤表示の原因となる。,燃料発熱量が上がる。,安全弁が不要になる。,給水ポンプの能力が必ず向上する。,排ガス中の酸素がゼロになる。,1,水面計連絡管の閉塞は誤水位表示につながるため危険である。
344,single,ボイラーの取扱いに関する知識,水位・低水位,水面計の蒸気側連絡管が詰まった場合の注意として、適切なものは次のうちどれか。,,,,,,水位表示が不正確になるため機能試験で確認する。,表示は必ず正確になる。,燃焼状態だけが改善する。,安全弁の作動圧が下がる。,燃料中の水分が消える。,1,蒸気側、水側いずれの連絡管閉塞も水位誤認の原因となる。
345,single,ボイラーの取扱いに関する知識,水位・低水位,水位が見えなくなったときの対応として、適切なものは次のうちどれか。,,,,,,燃焼を停止し、水位確認と原因確認を行う。,水位を確認せず燃焼を続ける。,燃焼量を最大にする。,安全弁を固定する。,低水位警報を外す。,1,水位不明のまま運転することは危険であり、まず安全側に停止する。
346,single,ボイラーの取扱いに関する知識,吹出し・水管理,ボイラー水の電気伝導率を測る目的として、適切なものは次のうちどれか。,,,,,,溶解固形分の濃縮状態を推定するため。,燃料の発熱量を直接測るため。,安全弁のばね力を測るため。,火炎の明るさを測るため。,煙突高さを測るため。,1,電気伝導率はボイラー水の濃縮管理の指標として用いられる。
347,single,ボイラーの取扱いに関する知識,吹出し・水管理,りん酸塩処理に関する記述として、適切なものは次のうちどれか。,,,,,,硬度成分を軟らかいスラッジとして処理する目的で用いられることがある。,燃料の硫黄分を除去する。,安全弁の吹出し圧力を上げる。,煙突内のすすを燃やす。,水位を直接表示する。,1,りん酸塩処理は硬度成分によるスケール障害の防止に関係する。
348,single,ボイラーの取扱いに関する知識,水処理・スケール・腐食,脱酸素剤を用いる目的として、適切なものは次のうちどれか。,,,,,,給水中の溶存酸素を減らし腐食を抑える。,燃料の粘度を上げる。,排ガス中の酸素を増やす。,水面計を不要にする。,安全弁を固定する。,1,溶存酸素は腐食原因となるため、脱気や脱酸素剤で管理する。
349,single,ボイラーの取扱いに関する知識,水処理・スケール・腐食,アルカリ腐食や苛性脆化に関する問題で注意すべきこととして、適切なものは次のうちどれか。,,,,,,過度なアルカリ濃縮や応力部での障害として整理する。,燃料の完全燃焼だけの問題である。,水位計の照明だけの問題である。,煙突高さだけで決まる。,安全弁口径だけで決まる。,1,水質の過度な濃縮や局部濃縮は腐食・脆化の問題として問われる。
350,single,ボイラーの取扱いに関する知識,キャリオーバ・スートブロー,キャリオーバが発生した場合に起こり得ることとして、適切なものは次のうちどれか。,,,,,,蒸気配管や過熱器に水分・不純物が運ばれる。,蒸気が必ず完全に乾く。,燃料消費がゼロになる。,水位確認が不要になる。,安全弁が必ず閉じなくなる。,1,キャリオーバは蒸気側への水分・不純物持込みで、配管や機器に悪影響を及ぼす。
351,single,ボイラーの取扱いに関する知識,キャリオーバ・スートブロー,ウォータハンマが起こりやすい状況として、適切なものは次のうちどれか。,,,,,,蒸気配管内に復水がたまっている。,燃料タンクが空である。,煙突が高い。,安全弁の銘板が読める。,給水が軟化されている。,1,蒸気配管内の復水はウォータハンマの原因となるため、ドレン排出が重要である。
352,single,ボイラーの取扱いに関する知識,保存・停止・清掃,長期停止前の清掃で重視すべきこととして、適切なものは次のうちどれか。,,,,,,スラッジやすすを除去し、腐食原因を減らす。,燃料漏れを放置する。,水位計を破損させる。,安全弁を固定する。,煙道を詰まらせる。,1,停止保存前は内部・外部の汚れを除去して腐食や劣化を防ぐ。
353,single,ボイラーの取扱いに関する知識,保存・停止・清掃,満水保存でボイラー水を満たす理由として、適切なものは次のうちどれか。,,,,,,空気との接触を減らして腐食を抑えるため。,燃料を増やすため。,安全弁を作動させ続けるため。,水面計を隠すため。,煙突を洗うため。,1,満水保存は脱酸素した水で満たし、酸素接触を抑える保存法である。
354,single,ボイラーの取扱いに関する知識,燃焼安全装置,燃焼安全装置のリセット後に直ちに再点火してよいかについて、適切なものは次のうちどれか。,,,,,,原因確認と換気など安全確認が必要である。,原因を確認せず何度も再点火してよい。,燃料を増やして再点火する。,火炎検出器を外す。,低水位警報を止める。,1,安全装置が作動した場合は原因を確認し、未燃ガス排出などを行ってから再点火する。
355,single,ボイラーの取扱いに関する知識,燃焼安全装置,火炎検出器の点検で注意すべきこととして、適切なものは次のうちどれか。,,,,,,汚れ、取付位置、検出状態を確認する。,汚れているほど感度が上がる。,常に取り外して運転する。,水位確認の代わりに使う。,燃料の硫黄分を測る。,1,火炎検出器の異常は失火検出や燃料遮断に影響する。
356,single,ボイラーの取扱いに関する知識,異常時対応,逆火が発生した場合の対応として、適切なものは次のうちどれか。,,,,,,燃料を遮断し、原因を確認してから再点火する。,燃料をさらに多く送る。,炉内換気をしない。,安全装置を無効にする。,水位を見ずに運転を続ける。,1,逆火は燃焼異常であり、燃料遮断、換気、原因確認が必要である。
357,single,ボイラーの取扱いに関する知識,異常時対応,燃料油圧が異常に低い場合に疑う事項として、適切なものは次のうちどれか。,,,,,,ストレーナ詰まり、ポンプ不良、弁の状態など。,水位が高いことだけ。,安全弁の口径だけ。,煙突高さだけ。,ボイラー検査証の有効期間だけ。,1,燃料油圧異常では燃料系統の詰まり、漏れ、ポンプ、弁を確認する。
358,single,ボイラーの取扱いに関する知識,異常時対応,排ガス温度が通常より高い場合に疑うこととして、適切なものは次のうちどれか。,,,,,,伝熱面のすす付着やスケール付着。,水質が必ず完全であること。,燃料が不要になったこと。,安全弁が不要になったこと。,水面計の閉塞だけ。,1,排ガス温度上昇は伝熱不良や燃焼過剰などのサインとなる。
359,single,ボイラーの取扱いに関する知識,日常点検,日常点検で給水系統について確認する事項として、適切なものは次のうちどれか。,,,,,,ポンプ、弁、漏れ、圧力、給水量など。,燃料販売店の所在地だけ。,煙突の塗装色だけ。,安全弁の価格だけ。,作業者の通勤経路だけ。,1,給水系統の異常は低水位や運転停止につながるため、日常確認が重要である。
360,single,ボイラーの取扱いに関する知識,日常点検,燃焼状態の目視確認で見る事項として、適切なものは次のうちどれか。,,,,,,火炎の形、色、安定性、煙の状態など。,作業靴の色だけ。,検査証の紙質だけ。,水処理薬剤の容器色だけ。,燃料販売店の看板だけ。,1,火炎や煙の状態は燃焼良否を判断する基本情報である。
361,single,燃料及び燃焼に関する知識,燃料性質・発熱量,液体燃料の引火点に関する記述として、適切なものは次のうちどれか。,,,,,,可燃性蒸気を発生し、点火源で引火し得る最低温度である。,必ず燃焼温度と同じである。,水の沸点である。,安全弁の作動温度である。,煙突内の温度である。,1,引火点は燃料の取扱安全上重要な性質である。
362,single,燃料及び燃焼に関する知識,燃料性質・発熱量,燃料の密度に関する記述として、適切なものは次のうちどれか。,,,,,,単位体積当たりの質量で、貯蔵量や流量換算に関係する。,水位の高さだけを示す。,安全弁の吹出し量である。,排ガス中の酸素濃度である。,給水のpHである。,1,密度は質量と体積の換算や燃料管理で用いられる。
363,single,燃料及び燃焼に関する知識,燃料性質・発熱量,燃料の元素分析で主に見る成分として、適切でないものは次のうちどれか。,,,,,,炭素,水素,硫黄,酸素,水面計目盛,5,燃料の元素分析では炭素、水素、硫黄、酸素、窒素などが扱われる。
364,single,燃料及び燃焼に関する知識,重油・低温腐食,重油中の硫黄分が多い場合に起こりやすい障害として、適切なものは次のうちどれか。,,,,,,SOx発生や低温腐食。,水位の自動安定。,安全弁の不要化。,燃焼用空気不要化。,灰分の完全消失。,1,硫黄分はSOxや硫酸露点、低温腐食と関連する。
365,single,燃料及び燃焼に関する知識,重油・低温腐食,低温腐食を防ぐ考え方として、適切なものは次のうちどれか。,,,,,,排ガス温度を酸露点以下にしないよう管理する。,排ガスを必ず0度まで冷やす。,硫黄分を増やす。,空気予熱器を必ず水で満たす。,燃焼用空気をゼロにする。,1,低温腐食は酸露点以下で起こりやすく、排ガス温度管理が重要である。
366,single,燃料及び燃焼に関する知識,油バーナ,燃料油の霧化が悪い場合に起こり得ることとして、適切なものは次のうちどれか。,,,,,,黒煙や未燃分の増加。,完全燃焼の保証。,燃料消費ゼロ。,NOx必ずゼロ。,水位の自動補正。,1,霧化不良は燃料と空気の混合不良を招き、不完全燃焼につながる。
367,single,燃料及び燃焼に関する知識,油バーナ,油バーナの燃焼量調整に関係するものとして、適切なものは次のうちどれか。,,,,,,燃料圧力、戻り油量、空気量など。,水面計の目盛色だけ。,安全弁の銘板だけ。,煙突の塗色だけ。,作業者の人数だけ。,1,油バーナでは燃料供給量と空気量を適切に調整する。
368,single,燃料及び燃焼に関する知識,油バーナ,バーナタイルの目的として、適切なものは次のうちどれか。,,,,,,火炎の安定や燃焼室入口部の保護に役立つ。,給水を軟化する。,燃料の硫黄を除去する。,水面計の水位を表示する。,安全弁を作動させる。,1,バーナタイルは火炎保持や高温部保護に関係する部材である。
369,single,燃料及び燃焼に関する知識,気体燃料・燃焼方式,都市ガスなどの気体燃料で漏えい検知が重要な理由として、適切なものは次のうちどれか。,,,,,,空気と混合して爆発性混合気を作るおそれがあるため。,水質を悪化させるためだけ。,安全弁の作動圧が上がるためだけ。,煙突を短くするため。,給水ポンプを止めるためだけ。,1,気体燃料は漏えい時に火災・爆発リスクが大きく、検知と換気が重要である。
370,single,燃料及び燃焼に関する知識,気体燃料・燃焼方式,ガス燃料の燃焼管理で確認する事項として、適切なものは次のうちどれか。,,,,,,ガス圧、空気量、火炎状態、漏えいの有無。,水面計の材質だけ。,安全弁の価格だけ。,燃料タンク底の水だけ。,ボイラー室の床色だけ。,1,ガス燃料では圧力、空気量、火炎、漏えい管理が重要である。
371,single,燃料及び燃焼に関する知識,通風・ファン,炉内圧が正圧になりすぎた場合の問題として、適切なものは次のうちどれか。,,,,,,火炎や燃焼ガスの噴出のおそれがある。,水質が必ず改善する。,燃料消費がゼロになる。,安全弁が不要になる。,排ガスが発生しない。,1,炉内圧の過度な正圧は燃焼ガス漏れや安全上の問題を招く。
372,single,燃料及び燃焼に関する知識,通風・ファン,通風が強すぎる場合に起こり得ることとして、適切なものは次のうちどれか。,,,,,,火炎が不安定になり、排ガス熱損失が増えることがある。,燃料が不要になる。,水位が必ず上がる。,スケールが瞬時に消える。,安全弁が開かなくなる。,1,過大通風は燃焼不安定や熱損失増加の原因になる。
373,single,燃料及び燃焼に関する知識,空気比・NOx・熱損失,空気不足で増加しやすいものとして、適切なものは次のうちどれか。,,,,,,一酸化炭素。,給水硬度の低下。,安全弁数。,ボイラー検査証の枚数。,水面計の長さ。,1,空気不足では不完全燃焼となりCOやすすが増加しやすい。
374,single,燃料及び燃焼に関する知識,空気比・NOx・熱損失,燃焼温度が高いほど増加しやすい大気汚染物質として、適切なものは次のうちどれか。,,,,,,NOx。,水蒸気の乾き度。,給水硬度。,安全弁口径。,ボイラー室照度。,1,高温燃焼ではサーマルNOxが増加しやすい。
375,single,燃料及び燃焼に関する知識,燃焼計算・燃焼管理,理論空気量に関する記述として、適切なものは次のうちどれか。,,,,,,燃料を完全燃焼させるのに理論上必要な最小空気量である。,実際に必ず供給してはならない空気量である。,水処理に必要な薬剤量である。,安全弁の吹出し量である。,煙突高さの別名である。,1,理論空気量は完全燃焼に必要な最小空気量で、実際には過剰空気を加える。
376,single,燃料及び燃焼に関する知識,燃焼計算・燃焼管理,空気比に関する記述として、適切なものは次のうちどれか。,,,,,,実際空気量を理論空気量で割った値である。,燃料の密度を水の密度で割った値である。,水位を胴径で割った値である。,安全弁口径を圧力で割った値である。,煙突高さを室温で割った値である。,1,空気比は実際に供給した空気量と理論空気量の比である。
377,single,燃料及び燃焼に関する知識,燃焼計算・燃焼管理,排ガス中CO2濃度が燃焼管理で使われる理由として、適切なものは次のうちどれか。,,,,,,空気比や燃焼状態を推定する手掛かりになるため。,水位を直接示すため。,給水硬度を示すため。,安全弁の設定圧を示すため。,燃料価格を示すため。,1,CO2、O2、COは燃焼状態や過剰空気判断の指標として用いられる。
378,single,燃料及び燃焼に関する知識,燃焼計算・燃焼管理,白煙が見える場合に考えられるものとして、適切なものは次のうちどれか。,,,,,,水蒸気の凝縮や燃料中水分など。,必ず完全燃焼で異常なし。,必ず燃料がない。,安全弁が開いている証拠だけ。,水面計が正常な証拠だけ。,1,白煙は水蒸気の凝縮などの場合があるが、燃料や燃焼状態と合わせて判断する。
379,single,燃料及び燃焼に関する知識,燃焼計算・燃焼管理,燃焼効率を悪化させる要因として、適切でないものは次のうちどれか。,,,,,,過大な過剰空気,伝熱面のすす付着,排ガス温度の過大,燃料の霧化不良,適正な空気比と清浄な伝熱面,5,適正空気比と清浄な伝熱面は効率維持に有効である。
380,single,燃料及び燃焼に関する知識,燃焼計算・燃焼管理,燃焼に必要な三要素として、適切な組合せは次のうちどれか。,,,,,,可燃物、酸素、点火源又は温度。,水位、圧力、検査証。,安全弁、水面計、圧力計。,給水、吹出し、保存。,煙突、床、照明。,1,燃焼には可燃物、酸素、着火に足る温度又は点火源が必要である。
381,single,関係法令,伝熱面積・ボイラー種別,伝熱面積の問題で『片面だけが燃焼ガスに触れる』場合の読み方として、適切なものは次のうちどれか。,,,,,,算入方法が部位や構造で異なるため条件を確認する。,すべて両面を無条件に加える。,燃料価格だけで決める。,作業者数で決める。,水面計の本数で決める。,1,伝熱面積はボイラー種類と伝熱面の条件により扱いが変わる。
382,single,関係法令,伝熱面積・ボイラー種別,貫流ボイラーの法令上の扱いで注意すべきこととして、適切なものは次のうちどれか。,,,,,,伝熱面積や最高使用圧力などの条件を確認する。,常に法令対象外である。,燃料がガスならすべて同じ扱いである。,水処理をすれば区分は不要である。,煙突高さだけで決まる。,1,貫流ボイラーは規模や条件により区分が変わるため、条件読みが重要である。
383,single,関係法令,設置・ボイラー室,ボイラー室に関する法令問題で見落としやすい条件として、適切なものは次のうちどれか。,,,,,,出入口、通路、可燃物、換気など。,作業者の趣味。,燃料販売店の広告。,机の色だけ。,水面計メーカーの所在地。,1,ボイラー室では安全な取扱いと避難・火災防止の観点が問われる。
384,single,関係法令,設置・ボイラー室,ボイラー据付け時の基礎や周囲空間に関する記述として、適切なものは次のうちどれか。,,,,,,点検、修理、操作に支障がないようにする。,点検できないほど密着させる。,出入口をふさぐ。,可燃物で囲む。,換気をなくす。,1,据付けでは保守点検や安全な操作ができる空間を確保する。
385,single,関係法令,検査・検査証,ボイラー検査証を滅失した場合の扱いとして、法令問題で注意すべきことは次のうちどれか。,,,,,,再交付などの手続を確認する。,検査証は不要なので放置する。,燃料を変えればよい。,水面計を増やせばよい。,安全弁を外せばよい。,1,検査証の紛失や記載事項変更は手続問題として問われる。
386,single,関係法令,検査・検査証,検査証の記載事項変更で注意すべきこととして、適切なものは次のうちどれか。,,,,,,所有者や設置場所など、変更内容に応じた手続を確認する。,どの変更も届出不要である。,作業者の昼食だけを届け出る。,燃料価格だけで判断する。,水面計の色だけで判断する。,1,検査証記載事項の変更は、必要な手続と期限を問われることがある。
387,single,関係法令,変更・休止・廃止,廃止したボイラーに関する手続問題で注意すべきこととして、適切なものは次のうちどれか。,,,,,,廃止届や検査証返還などの扱いを確認する。,廃止すれば記録も検査証も必ず放置してよい。,燃料を抜けば手続不要と決めつける。,煙突だけ残せば使用中とみなす。,水面計だけ外せばよい。,1,廃止時は届出や検査証の扱いが問われる。
388,single,関係法令,変更・休止・廃止,休止中のボイラーを再使用する場合の注意として、適切なものは次のうちどれか。,,,,,,休止期間や検査証有効期間、必要検査を確認する。,必ず無検査で再使用できる。,燃料を入れれば直ちに使用できる。,水面計を外したまま使用する。,安全弁を固定して使用する。,1,再使用では休止期間や検査証の状態に応じた手続確認が必要である。
389,single,関係法令,作業主任者・取扱資格,作業主任者が圧力の急激な上昇を防ぐべき理由として、適切なものは次のうちどれか。,,,,,,過圧や熱応力などの危険を防ぐため。,燃料価格を下げるためだけ。,水面計の色を変えるため。,煙突高さを上げるため。,検査証を不要にするため。,1,作業主任者は圧力、水位、燃焼などを監視し、安全な運転を確保する。
390,single,関係法令,作業主任者・取扱資格,ボイラー取扱者に必要な基本姿勢として、適切なものは次のうちどれか。,,,,,,異常兆候を見逃さず、手順と法令に従う。,安全装置を無効化する。,水位を見ない。,燃料漏れを放置する。,検査証を破棄する。,1,取扱者には安全確認、手順遵守、異常時対応が求められる。
391,single,関係法令,附属品・安全弁・圧力計,安全弁の調整に関する記述として、適切なものは次のうちどれか。,,,,,,みだりに調整を変更してはならない。,運転中に任意に締め込んでよい。,作動しないよう固定する。,燃料節約のため封鎖する。,水面計の代わりに使う。,1,安全弁は過圧防止の重要装置であり、勝手な調整や固定は危険である。
392,single,関係法令,附属品・安全弁・圧力計,水面計の機能保持に関する記述として、適切なものは次のうちどれか。,,,,,,見やすく、閉塞や漏れがない状態に保つ。,常に閉じて見えないようにする。,水位を隠す。,燃料油を流す。,安全弁の代わりに用いる。,1,水面計は低水位事故防止に直結するため、機能保持が重要である。
393,single,関係法令,附属品・安全弁・圧力計,圧力計の機能確認で注意することとして、適切なものは次のうちどれか。,,,,,,指示の戻り、漏れ、コックの開閉状態などを確認する。,常に指針を固定する。,目盛を隠す。,燃料を通す。,水処理薬剤を注入する。,1,圧力計は過圧防止の基本情報を示すため、指示異常や閉塞に注意する。
394,single,関係法令,定期自主検査・変更届,定期自主検査で附属品を点検する意義として、適切なものは次のうちどれか。,,,,,,安全運転に必要な機器の異常を早期に発見するため。,検査証を不要にするため。,燃料価格を下げるためだけ。,作業主任者を不要にするため。,水位確認をやめるため。,1,附属品の異常は事故に直結するため、定期的な確認が重要である。
395,single,関係法令,定期自主検査・変更届,定期自主検査の補修結果に関する記録として、適切なものは次のうちどれか。,,,,,,異常の内容と補修内容を記録する。,異常があっても記録しない。,燃料販売店だけを記録する。,作業者の趣味だけを記録する。,煙突の色だけを記録する。,1,定期自主検査では点検結果と補修内容の記録が重要である。
396,single,関係法令,法令総合,法令問題で『遅滞なく』とある場合の注意として、適切なものは次のうちどれか。,,,,,,期限表現を読み落とさず、手続のタイミングを確認する。,いつでもよいという意味である。,必ず1年後という意味である。,燃料の種類で意味が変わる。,水位で意味が変わる。,1,法令の期限語は手続問題で正誤を分ける。
397,single,関係法令,法令総合,法令問題で『所轄労働基準監督署長』が出る場合の注意として、適切なものは次のうちどれか。,,,,,,届出先や申請先を混同しない。,燃料販売店のことと考える。,作業主任者の別名である。,水面計のメーカーである。,安全弁の形式名である。,1,届出・申請・検査では相手先を問う問題が出やすい。
398,single,関係法令,法令総合,数値条件がある法令問題の解き方として、適切なものは次のうちどれか。,,,,,,単位、以上・未満、除外条件をセットで確認する。,数値を読まずに選ぶ。,常に最も長い選択肢を選ぶ。,燃料名だけで選ぶ。,問題番号で選ぶ。,1,法令問題は境界値、単位、対象除外の読み違いが失点原因になりやすい。
399,single,関係法令,法令総合,『ただし書き』がある選択肢を読む際の注意として、適切なものは次のうちどれか。,,,,,,本文と例外条件の両方を確認する。,ただし書きは必ず無視する。,例外は常に本文を取り消さない。,燃料の色で判断する。,水面計の数だけで判断する。,1,ただし書きは適用範囲や例外を示し、正誤に直結することがある。
400,single,関係法令,法令総合,法令問題で『直ちに』と『遅滞なく』が問われた場合の基本姿勢として、適切なものは次のうちどれか。,,,,,,手続の緊急度や期限表現を区別して読む。,どちらも必ず1年後という意味である。,どちらも手続不要という意味である。,燃料の種類だけで決める。,水位だけで決める。,1,期限表現は届出や報告の正誤に関わるため、文言を区別する。
401,single,ボイラーの構造に関する知識,熱・蒸気・圧力,飽和蒸気表を用いる目的として、適切なものは次のうちどれか。,,,,,,圧力に対応する飽和温度やエンタルピなどを調べる。,燃料タンクの容量だけを調べる。,水面計の本数を決める。,安全弁の色を決める。,煙突の塗装方法を決める。,1,飽和蒸気表は圧力、温度、比体積、エンタルピなど蒸気の状態量を調べるために用いる。
402,single,ボイラーの構造に関する知識,熱・蒸気・圧力,ゲージ圧力に関する記述として、適切なものは次のうちどれか。,,,,,,大気圧を基準として測った圧力である。,完全真空を基準として測った圧力である。,燃料の発熱量である。,水位を質量で表した値である。,煙突の通風力だけを表す。,1,通常の圧力計は大気圧を基準としたゲージ圧を示す。
403,single,ボイラーの構造に関する知識,熱・蒸気・圧力,蒸発熱に関する記述として、適切なものは次のうちどれか。,,,,,,飽和水を飽和蒸気にするために必要な熱である。,水の温度を0度まで下げる熱である。,燃料の灰分を表す値である。,安全弁の口径を表す値である。,水面計の長さを表す値である。,1,蒸発熱は液体から気体への状態変化に必要な潜熱である。
404,single,ボイラーの構造に関する知識,熱・蒸気・圧力,蒸気の比体積に関する記述として、適切なものは次のうちどれか。,,,,,,単位質量当たりの体積である。,単位体積当たりの質量である。,燃料の硫黄分である。,給水の硬度である。,安全弁のばね力である。,1,比体積は密度の逆数で、1kg当たりの体積を表す。
405,single,ボイラーの構造に関する知識,燃焼室・伝熱面,伝熱面の外部腐食に関する記述として、適切なものは次のうちどれか。,,,,,,燃焼ガス中の成分や結露により煙道側から腐食することがある。,給水の硬度だけで必ず発生する。,燃料を使わないと必ず発生する。,水面計の閉塞だけが原因である。,安全弁の作動だけで起こる。,1,外部腐食は燃焼ガス側での酸露点腐食や湿気などが関係する。
406,single,ボイラーの構造に関する知識,燃焼室・伝熱面,燃焼室容積が小さすぎる場合に起こり得ることとして、適切なものは次のうちどれか。,,,,,,燃焼が完結しにくく、未燃分やばいじんが増えることがある。,完全燃焼が必ず保証される。,燃料が不要になる。,水位が自動で安定する。,安全弁が不要になる。,1,燃焼には適切な空間、温度、混合、時間が必要である。
407,single,ボイラーの構造に関する知識,水循環・水管ボイラー,水管ボイラーの長所として、適切なものは次のうちどれか。,,,,,,高圧大容量に適した構造としやすい。,水循環が常に不要である。,安全弁を設けられない。,給水管理が不要である。,燃焼室を持てない。,1,水管ボイラーは水管内の水を加熱する構造で、高圧大容量に適用しやすい。
408,single,ボイラーの構造に関する知識,水循環・水管ボイラー,水管の過熱を防ぐために重要なこととして、適切なものは次のうちどれか。,,,,,,適正な水循環と水質管理を保つ。,水位を常に下げる。,スケールを厚く付ける。,給水を止める。,吹出しを行わない。,1,水管の冷却には水循環が重要で、スケール付着も過熱の原因となる。
409,single,ボイラーの構造に関する知識,炉筒煙管・貫流・鋳鉄製,炉筒煙管ボイラーで煙管にすすが付着した場合の影響として、適切なものは次のうちどれか。,,,,,,伝熱が悪くなり、排ガス温度が高くなることがある。,伝熱が必ず良くなる。,水処理が不要になる。,安全弁が不要になる。,燃料中の水分がなくなる。,1,煙管のすす付着は熱効率低下につながる。
410,single,ボイラーの構造に関する知識,炉筒煙管・貫流・鋳鉄製,貫流ボイラーの始動停止に関する特徴として、適切なものは次のうちどれか。,,,,,,保有水量が少なく、比較的短時間で始動停止しやすい。,保有水量が非常に多く、常に始動に数日を要する。,燃料を使わない。,給水ポンプが不要である。,蒸気を発生しない。,1,貫流ボイラーは保有水量が少なく、応答が速い一方で制御と水質管理が重要である。
411,single,ボイラーの構造に関する知識,給水・節炭器・空気予熱器,節炭器の主な役割として、適切なものは次のうちどれか。,,,,,,排ガスの余熱で給水を加熱する。,燃料中の硫黄を除去する。,蒸気中の水滴を増やす。,安全弁を作動不能にする。,水面計の代わりに水位を測る。,1,節炭器は排熱回収により給水を予熱し、効率を高める。
412,single,ボイラーの構造に関する知識,給水・節炭器・空気予熱器,空気予熱器の低温側で注意すべき腐食として、適切なものは次のうちどれか。,,,,,,酸露点以下で生じる低温腐食。,水面計の閉塞。,安全弁の弁座漏れ。,給水ポンプのキャビテーションだけ。,燃料タンク内の沈殿だけ。,1,排ガス中の硫黄酸化物と水分により、低温部で酸露点腐食が起こり得る。
413,single,ボイラーの構造に関する知識,附属品・計測器,ブルドン管圧力計に関する記述として、適切なものは次のうちどれか。,,,,,,曲がった管の弾性変形を利用して圧力を示す。,水の硬度を測る計器である。,燃料の発熱量を直接測る。,火炎の色を測る。,煙突高さを自動調整する。,1,ブルドン管圧力計は圧力による管の変形を指針の動きに変える。
414,single,ボイラーの構造に関する知識,附属品・計測器,水高計に関する記述として、適切なものは次のうちどれか。,,,,,,水位の高さを圧力差などから示す計器である。,燃料の発熱量を測る計器である。,排ガス中のばいじんを測る装置である。,安全弁の一種である。,給水を軟化する薬剤である。,1,水高計は水位測定に関係する装置で、水面計とあわせて出題されやすい。
415,single,ボイラーの構造に関する知識,附属品・計測器,温水ボイラーの逃がし弁に関する記述として、適切なものは次のうちどれか。,,,,,,圧力上昇時に水を逃がして過圧を防ぐ。,燃料を霧化する。,水の硬度を上げる。,煙突の通風を止める。,燃料中の硫黄を除去する。,1,逃がし弁は温水系統の過圧防止に用いられる。
416,single,ボイラーの構造に関する知識,自動制御・燃焼安全装置,圧力制御器の役割として、適切なものは次のうちどれか。,,,,,,蒸気圧力に応じて燃焼量や燃焼の入切を制御する。,給水の硬度を測定する。,燃料中の硫黄を除去する。,水面計のガラスを洗浄する。,煙突高さを測る。,1,圧力制御器は蒸気圧力を設定範囲に保つため燃焼を制御する。
417,single,ボイラーの構造に関する知識,自動制御・燃焼安全装置,水位制御器の役割として、適切なものは次のうちどれか。,,,,,,水位に応じて給水ポンプや給水弁を制御する。,燃料の発熱量を測る。,安全弁のばねを調整する。,排ガス中のSOxを除去する。,煙突を支える。,1,水位制御器は安全な水位を保つため給水を制御する。
418,single,ボイラーの構造に関する知識,自動制御・燃焼安全装置,燃焼量比例制御に関する記述として、適切なものは次のうちどれか。,,,,,,負荷に応じて燃料量と空気量を連続的又は段階的に調整する。,常に燃焼を全開だけにする。,水質だけを制御する。,安全弁を閉じる制御である。,煙突を伸縮させる制御である。,1,燃焼量制御では負荷に合わせて燃料と空気のバランスを調整する。
419,single,ボイラーの構造に関する知識,自動制御・燃焼安全装置,燃料遮断弁のフェールセーフとして望ましい状態は次のうちどれか。,,,,,,電源喪失や異常時に閉じる。,異常時に必ず開く。,火炎がなくても開き続ける。,水位が低くても開き続ける。,圧力が異常でも開き続ける。,1,燃料遮断弁は異常時に燃料供給を止める安全側の動作が求められる。
420,single,ボイラーの構造に関する知識,附属品・計測器,吹出し弁の設置目的として、適切なものは次のうちどれか。,,,,,,ボイラー水中のスラッジや濃縮水を排出する。,燃料を霧化する。,安全弁を作動不能にする。,煙突の高さを測る。,給水の温度だけを測る。,1,吹出し弁はボイラー水の濃度管理やスラッジ排出に用いられる。
421,single,ボイラーの取扱いに関する知識,点火・たき始め,点火前に炉内を換気する時間や回数を守る理由として、適切なものは次のうちどれか。,,,,,,未燃ガスを十分に排出するため。,水位を高く見せるため。,燃料の発熱量を増やすため。,安全弁の設定を変えるため。,給水を軟化するため。,1,点火前換気は未燃ガス爆発を防ぐ基本操作である。
422,single,ボイラーの取扱いに関する知識,点火・たき始め,手動点火で火種を近づける順序として、安全上適切な考え方は次のうちどれか。,,,,,,火種を先に置き、燃料を後から供給する。,燃料を先に多量に出してから火種を探す。,換気せずに燃料を出す。,火炎を確認せず燃料を増やす。,安全装置を外して点火する。,1,燃料を先に出すと未燃燃料がたまり危険である。
423,single,ボイラーの取扱いに関する知識,水位・低水位,水面計の吹出し後に確認すべきこととして、適切なものは次のうちどれか。,,,,,,水位が速やかに正常位置へ戻るか確認する。,水位を見ない。,燃料を最大にする。,安全弁を固定する。,吹出し弁を開けたままにする。,1,吹出し後の水位復帰で連絡管の閉塞や機能異常を確認する。
424,single,ボイラーの取扱いに関する知識,水位・低水位,水位が高すぎる運転で起こり得ることとして、適切なものは次のうちどれか。,,,,,,キャリオーバを起こしやすい。,低水位事故だけが起こる。,燃料が不要になる。,給水が完全に止まる。,安全弁が必ず不要になる。,1,高水位は蒸気側への水分持込み、すなわちキャリオーバの原因となる。
425,single,ボイラーの取扱いに関する知識,水位・低水位,給水弁の開度を急変させることが適切でない理由として、適切なものは次のうちどれか。,,,,,,水位や圧力の急変、熱応力を招くことがある。,燃料の発熱量が必ず下がる。,煙突高さが変わる。,安全弁の数が増える。,水処理が不要になる。,1,給水操作は水位、圧力、胴温度に影響するため慎重に行う。
426,single,ボイラーの取扱いに関する知識,吹出し・水管理,連続吹出しの管理で見る指標として、適切なものは次のうちどれか。,,,,,,ボイラー水の濃度や電気伝導率。,燃料販売店の距離。,水面計の製造年月だけ。,安全弁の塗色だけ。,煙突の外観色だけ。,1,連続吹出しは濃縮管理のために行い、電気伝導率などを参考にする。
427,single,ボイラーの取扱いに関する知識,吹出し・水管理,吹出しを過度に行った場合の問題として、適切なものは次のうちどれか。,,,,,,熱損失が増え、水位低下のおそれがある。,燃料消費が必ずゼロになる。,給水が不要になる。,安全弁が不要になる。,燃焼用空気が不要になる。,1,過度の吹出しは熱と水を失うため、適正量の管理が必要である。
428,single,ボイラーの取扱いに関する知識,水処理・スケール・腐食,軟化装置の目的として、適切なものは次のうちどれか。,,,,,,給水中の硬度成分を減らしスケールを防ぐ。,燃料の粘度を高める。,排ガス中の酸素を増やす。,安全弁の作動圧を下げる。,水面計を不要にする。,1,軟化装置はカルシウム、マグネシウムなど硬度成分を減らす。
429,single,ボイラーの取扱いに関する知識,水処理・スケール・腐食,給水加熱や脱気の効果として、適切なものは次のうちどれか。,,,,,,溶存酸素を減らし、熱効率や腐食防止に役立つ。,燃料の硫黄分を増やす。,水位計を不要にする。,安全弁を固定する。,スケールを厚くする。,1,給水加熱は熱効率向上のほか、脱気により腐食抑制にも寄与する。
430,single,ボイラーの取扱いに関する知識,水処理・スケール・腐食,ボイラー水のpHが低すぎる場合に起こりやすい障害として、適切なものは次のうちどれか。,,,,,,腐食。,燃料の完全燃焼。,水位の自動安定。,安全弁の増設。,排ガス熱損失の消失。,1,酸性側では腐食が進みやすくなるため、pH管理が重要である。
431,single,ボイラーの取扱いに関する知識,キャリオーバ・スートブロー,フォーミングに関する記述として、適切なものは次のうちどれか。,,,,,,ボイラー水が泡立つ現象である。,燃料油を加熱する現象である。,煙突内の通風を止める現象である。,安全弁が開く現象だけをいう。,給水を軟化する操作である。,1,フォーミングは泡立ちで、キャリオーバの原因になる。
432,single,ボイラーの取扱いに関する知識,キャリオーバ・スートブロー,スートブローを怠ると起こり得ることとして、適切なものは次のうちどれか。,,,,,,伝熱低下や排ガス温度上昇。,水位が必ず安定する。,燃料が不要になる。,給水の硬度が下がる。,安全弁が不要になる。,1,すす付着は伝熱を妨げ、熱損失を増加させる。
433,single,ボイラーの取扱いに関する知識,保存・停止・清掃,停止後にマンホールを開ける際の注意として、適切なものは次のうちどれか。,,,,,,圧力がなく温度が安全なことを確認する。,高圧のまま開ける。,水位を見ず燃焼中に開ける。,換気を一切しない。,安全弁を固定してから開ける。,1,内部開放作業では残圧、温度、換気などの安全確認が必要である。
434,single,ボイラーの取扱いに関する知識,保存・停止・清掃,湿り保存で注意すべきこととして、適切なものは次のうちどれか。,,,,,,水質を管理し、腐食防止に必要な薬品や脱酸素を確認する。,空気を多量に混入させる。,燃料油を満たす。,水を抜いて雨水を入れる。,内部を汚れたまま放置する。,1,湿り保存では水中の酸素や水質を管理して腐食を抑える。
435,single,ボイラーの取扱いに関する知識,燃焼安全装置,低燃焼から高燃焼へ移るとき注意すべきこととして、適切なものは次のうちどれか。,,,,,,空気量と燃料量のバランスを崩さない。,燃料だけを急増させる。,空気を完全に止める。,火炎を確認しない。,安全装置を無効化する。,1,燃焼量変更時は燃料と空気の比率を適切に保つ。
436,single,ボイラーの取扱いに関する知識,燃焼安全装置,燃料遮断弁の作動試験で確認することとして、適切なものは次のうちどれか。,,,,,,異常時に確実に閉止すること。,常に開きっぱなしになること。,水位を高く表示すること。,給水を軟化すること。,煙突を冷却すること。,1,燃料遮断弁は燃焼安全上、確実な閉止が重要である。
437,single,ボイラーの取扱いに関する知識,異常時対応,ボイラー水が著しく不足しているおそれがある場合の給水について、適切な考え方は次のうちどれか。,,,,,,過熱部への急給水は危険なため、手順に従い慎重に判断する。,必ず大量に急給水する。,燃焼を最大にしてから給水する。,水位確認をしない。,安全装置を外す。,1,著しい低水位では伝熱面が過熱している可能性があり、急給水は危険となることがある。
438,single,ボイラーの取扱いに関する知識,異常時対応,燃焼中に黒煙が増えた場合の対応として、適切なものは次のうちどれか。,,,,,,空気量、燃料圧、霧化状態などを確認する。,燃料をさらに増やすだけにする。,空気を完全に止める。,水位を見ない。,安全装置を無効にする。,1,黒煙は不完全燃焼のサインであり、空気不足や霧化不良を確認する。
439,single,ボイラーの取扱いに関する知識,日常点検,日常点検で安全弁について見る事項として、適切なものは次のうちどれか。,,,,,,漏れ、固着、封印、吹出し管の状態など。,燃料の購入価格だけ。,水処理薬剤の色だけ。,作業者の氏名だけ。,煙突の外壁色だけ。,1,安全弁は過圧防止装置であり、漏れや固着、吹出し管の状態を確認する。
440,single,ボイラーの取扱いに関する知識,日常点検,運転日誌に記録する事項として、適切なものは次のうちどれか。,,,,,,圧力、水位、燃焼状態、給水量、異常の有無など。,作業者の趣味だけ。,燃料販売店の広告だけ。,水面計のメーカーの株価だけ。,煙突の色の好みだけ。,1,運転記録は異常傾向の把握と安全管理に役立つ。
441,single,燃料及び燃焼に関する知識,燃料性質・発熱量,燃料中の炭素が完全燃焼したとき主に生じるものとして、適切なものは次のうちどれか。,,,,,,二酸化炭素。,一酸化炭素だけ。,水素。,硫酸。,窒素酸化物だけ。,1,炭素が完全燃焼するとCO2になる。不完全燃焼ではCOが発生する。
442,single,燃料及び燃焼に関する知識,燃料性質・発熱量,燃料中の水素が完全燃焼したとき主に生じるものとして、適切なものは次のうちどれか。,,,,,,水蒸気。,二酸化硫黄。,一酸化炭素。,灰分。,窒素。,1,水素の燃焼生成物は水であり、排ガス中では水蒸気として存在する。
443,single,燃料及び燃焼に関する知識,燃料性質・発熱量,燃料の粘度が高すぎる場合の影響として、適切なものは次のうちどれか。,,,,,,噴霧不良を起こしやすい。,完全燃焼が必ず保証される。,空気が不要になる。,水位が安定する。,安全弁が不要になる。,1,粘度が高すぎる燃料油は微粒化しにくく、燃焼不良につながる。
444,single,燃料及び燃焼に関する知識,重油・低温腐食,重油燃焼でバナジウムなどの灰分が問題となる理由として、適切なものは次のうちどれか。,,,,,,高温腐食や灰付着の原因となることがある。,水位を正確に示すため。,燃料の発熱量を必ず高めるため。,安全弁を作動させるため。,給水を軟化するため。,1,重油中の灰分成分は付着や高温腐食の原因として扱われる。
445,single,燃料及び燃焼に関する知識,重油・低温腐食,燃料油タンクの水抜きが必要な理由として、適切なものは次のうちどれか。,,,,,,水分混入による燃焼不良や腐食を防ぐため。,燃料の硫黄分を増やすため。,空気比をゼロにするため。,安全弁を不要にするため。,水面計を洗うため。,1,タンク底部の水分はバーナ不調や腐食につながるため排出する。
446,single,燃料及び燃焼に関する知識,油バーナ,空気噴霧式バーナに関する記述として、適切なものは次のうちどれか。,,,,,,圧縮空気を用いて燃料油を霧化する。,蒸気を発生させない。,水面計で燃料を霧化する。,安全弁で燃料を霧化する。,燃料を固体のまま燃やす。,1,空気噴霧式は霧化媒体として圧縮空気を用いる。
447,single,燃料及び燃焼に関する知識,油バーナ,蒸気噴霧式バーナの特徴として、適切なものは次のうちどれか。,,,,,,比較的広い燃焼量範囲に対応しやすいが霧化蒸気を消費する。,蒸気を全く使わない。,空気を全く必要としない。,燃料を霧化できない。,水処理装置である。,1,蒸気噴霧式は霧化性能に利点があるが、蒸気消費がある。
448,single,燃料及び燃焼に関する知識,油バーナ,バーナのターンダウン比に関する記述として、適切なものは次のうちどれか。,,,,,,安定燃焼できる最大燃焼量と最小燃焼量の比である。,水位と圧力の比である。,燃料密度と水密度の比だけである。,安全弁口径と煙突高さの比である。,給水量と吹出し量の和である。,1,ターンダウン比は燃焼量調整範囲を示す。
449,single,燃料及び燃焼に関する知識,気体燃料・燃焼方式,ガス燃料の比重に関する安全上の注意として、適切なものは次のうちどれか。,,,,,,空気より重いか軽いかで滞留しやすい場所が異なる。,比重は漏えい時の危険に関係しない。,比重が大きいほど必ず無害である。,比重は水位だけを示す。,安全弁の設定圧だけを示す。,1,ガス漏えい時の滞留場所はガスの比重や換気条件に左右される。
450,single,燃料及び燃焼に関する知識,気体燃料・燃焼方式,ガス遮断弁の役割として、適切なものは次のうちどれか。,,,,,,異常時に燃料ガスの供給を止める。,給水を軟化する。,排ガス中のCO2を増やすだけ。,水面計の水位を示す。,安全弁を固定する。,1,ガス遮断弁は燃焼安全装置として漏えいや失火時の燃料供給を止める。
451,single,燃料及び燃焼に関する知識,通風・ファン,押込通風に関する記述として、適切なものは次のうちどれか。,,,,,,送風機で燃焼用空気を炉内へ押し込む方式である。,煙突だけで排ガスを引く方式である。,給水ポンプで通風する方式である。,安全弁で空気を送る方式である。,水面計で通風を測る方式である。,1,押込通風は送風機で燃焼用空気を供給する。
452,single,燃料及び燃焼に関する知識,通風・ファン,誘引通風に関する記述として、適切なものは次のうちどれか。,,,,,,誘引ファンで燃焼ガスを引き出す方式である。,給水ポンプで排ガスを押す方式である。,燃料ポンプで空気を送る方式である。,安全弁で通風を止める方式である。,水面計でガスを吸う方式である。,1,誘引通風は煙道側から燃焼ガスを吸引する方式である。
453,single,燃料及び燃焼に関する知識,空気比・NOx・熱損失,空気比が小さすぎる場合に起こりやすいこととして、適切なものは次のうちどれか。,,,,,,不完全燃焼、CO、黒煙の増加。,排ガス量が無限に増える。,燃料が不要になる。,安全弁が不要になる。,水位が必ず安定する。,1,空気不足は不完全燃焼の代表的な原因である。
454,single,燃料及び燃焼に関する知識,空気比・NOx・熱損失,排ガス温度を下げすぎると問題になることとして、適切なものは次のうちどれか。,,,,,,低温腐食のおそれがある。,燃料が完全に不要になる。,水位が必ず上がる。,安全弁が不要になる。,空気比が必ずゼロになる。,1,排熱回収は有効だが、酸露点以下になると低温腐食が問題となる。
455,single,燃料及び燃焼に関する知識,燃焼計算・燃焼管理,燃焼ガス中のO2が低くCOが高い場合に疑うこととして、適切なものは次のうちどれか。,,,,,,空気不足による不完全燃焼。,過剰空気が多すぎる完全燃焼。,水処理の過剰。,安全弁の正常作動。,検査証の期限切れだけ。,1,O2不足とCO増加は空気不足や混合不良を示す。
456,single,燃料及び燃焼に関する知識,燃焼計算・燃焼管理,排ガス分析計の値を見るときの注意として、適切なものは次のうちどれか。,,,,,,測定位置や漏れ込み空気の影響を考慮する。,値は常に誤差ゼロである。,水位確認の代わりになる。,安全弁の設定を自動変更する。,燃料の購入価格を決めるだけである。,1,排ガス分析では測定条件や空気漏れによる値の変化に注意する。
457,single,燃料及び燃焼に関する知識,燃焼計算・燃焼管理,燃焼における三つのTとして扱われる要素に近いものは次のうちどれか。,,,,,,温度、時間、混合。,水位、圧力、検査証。,燃料、給水、吹出し。,安全弁、圧力計、水面計。,煙突、床、照明。,1,完全燃焼には温度、燃焼時間、燃料と空気の混合が重要である。
458,single,燃料及び燃焼に関する知識,燃焼計算・燃焼管理,燃焼負荷を急に上げるとき注意すべきこととして、適切なものは次のうちどれか。,,,,,,空気量が追従せず不完全燃焼にならないようにする。,空気を必ず止める。,燃料だけを最大にする。,火炎を見ない。,排ガスを測らない。,1,燃焼負荷変化時は燃料と空気の追従、火炎安定を確認する。
459,single,燃料及び燃焼に関する知識,燃焼計算・燃焼管理,燃焼効率を高める基本として、適切でないものは次のうちどれか。,,,,,,適正空気比を保つ。,伝熱面を清浄に保つ。,排熱を有効利用する。,燃料を適切に霧化する。,空気量を常に極端に多くする。,5,過大な空気量は排ガス熱損失を増やす。
460,single,燃料及び燃焼に関する知識,燃料性質・発熱量,燃料の発熱量が同じでも実際の効率が変わる理由として、適切なものは次のうちどれか。,,,,,,燃焼状態や排ガス損失、伝熱状態が異なるため。,発熱量だけで効率は必ず100%になるため。,水位と無関係で常に同じになるため。,安全弁の色だけで決まるため。,検査証の紙質だけで決まるため。,1,ボイラー効率は燃料性状だけでなく燃焼管理や伝熱状態に左右される。
461,single,関係法令,伝熱面積・ボイラー種別,伝熱面積の算定で『水管』が出た場合に注意すべきこととして、適切なものは次のうちどれか。,,,,,,管のどの面を伝熱面として扱うかを規定に従って読む。,必ず管の内外両面を二重に加える。,燃料の種類だけで算定する。,作業者数で算定する。,水面計の数で算定する。,1,伝熱面積は部位ごとの算定方法が問われる。
462,single,関係法令,伝熱面積・ボイラー種別,温水ボイラーに関する法令問題で注意すべきこととして、適切なものは次のうちどれか。,,,,,,圧力、温度、伝熱面積などの条件を確認する。,温水なので法令は常に無関係である。,燃料が同じならすべて同じ扱いである。,水面計の有無だけで決める。,煙突高さだけで決める。,1,温水ボイラーも条件によって法令上の区分が変わる。
463,single,関係法令,設置・ボイラー室,燃料タンクをボイラー室内に置く場合の注意として、適切なものは次のうちどれか。,,,,,,火災防止や漏えい防止、配置の条件を確認する。,炉前にこぼしておく。,出入口をふさぐ。,換気をなくす。,安全弁につなぐ。,1,燃料の保管は火災防止と避難・操作空間確保の観点で問われる。
464,single,関係法令,設置・ボイラー室,ボイラー室の照明に関する問題で重視される考え方として、適切なものは次のうちどれか。,,,,,,計器や水位を確認し安全に操作できる明るさを確保する。,常に暗くして運転する。,水面計を見えなくする。,圧力計を隠す。,出入口をふさぐ。,1,取扱いに必要な計器や水位を確認できる作業環境が必要である。
465,single,関係法令,検査・検査証,検査証の有効期間が満了する前に必要な対応として、適切なものは次のうちどれか。,,,,,,性能検査を受けるなど継続使用の手続を確認する。,満了後も無条件に使用し続ける。,燃料を変えれば検査不要である。,水面計を増やせば検査不要である。,安全弁を閉じれば検査不要である。,1,継続使用には性能検査と検査証の有効期間管理が重要である。
466,single,関係法令,検査・検査証,落成検査を受ける前に使用してよいかを問う問題での基本は次のうちどれか。,,,,,,原則として必要な検査に合格してから使用する。,検査前でも常に自由に使用できる。,燃料が軽油なら検査不要である。,水位が見えれば検査不要である。,安全弁を外せば検査不要である。,1,設置後の使用開始には法令上必要な検査を確認する。
467,single,関係法令,検査・検査証,変更検査と性能検査の違いとして、適切なものは次のうちどれか。,,,,,,変更検査は主要部分変更時、性能検査は継続使用時に関連する。,どちらも燃料購入時の検査である。,どちらも水質試験だけである。,どちらも毎日の点火前点検である。,違いは存在しない。,1,検査名と実施場面を整理することが法令問題の基本である。
468,single,関係法令,変更・休止・廃止,ボイラーの移設に関する問題で注意すべきこととして、適切なものは次のうちどれか。,,,,,,設置場所変更に伴う届出や検査を確認する。,移設なら手続は常に不要である。,燃料を抜けば全て不要である。,水面計を外せば全て不要である。,煙突だけ移せばよい。,1,設置場所の変更は届出や検査証の扱いに関係する。
469,single,関係法令,変更・休止・廃止,ボイラーの構造部分を溶接修理する場合の注意として、適切なものは次のうちどれか。,,,,,,修理内容により届出や検査の要否を確認する。,どんな修理も自由に行える。,安全弁を外せば手続不要である。,燃料を変えれば手続不要である。,水面計を閉じれば手続不要である。,1,主要部分の修理や変更は法令上の手続対象となることがある。
470,single,関係法令,作業主任者・取扱資格,作業主任者が水位を監視する理由として、適切なものは次のうちどれか。,,,,,,低水位や高水位による事故を防ぐため。,燃料価格を下げるため。,検査証を不要にするため。,煙突高さを変えるため。,ボイラー室を暗くするため。,1,水位監視は低水位過熱やキャリオーバ防止に直結する。
471,single,関係法令,作業主任者・取扱資格,作業主任者が燃焼状態を監視する理由として、適切なものは次のうちどれか。,,,,,,不完全燃焼や異常燃焼を防ぐため。,給水の硬度を必ず下げるため。,検査証の有効期間を延ばすためだけ。,安全弁を不要にするため。,煙突を短くするため。,1,燃焼監視は安全、効率、大気汚染防止に関係する。
472,single,関係法令,附属品・安全弁・圧力計,安全弁の吹出し管で注意すべきこととして、適切なものは次のうちどれか。,,,,,,蒸気や熱水を安全な場所へ導く。,蒸気を作業者へ向けて放出する。,管をふさいで圧力を保つ。,水面計へ接続して水位を隠す。,燃料タンクへ接続して加圧する。,1,吹出し管は安全弁作動時の蒸気を安全に処理するために設ける。
473,single,関係法令,附属品・安全弁・圧力計,圧力計の指針がゼロに戻らない場合の対応として、適切なものは次のうちどれか。,,,,,,計器異常として点検・交換を検討する。,正常なので必ず放置する。,指針を接着剤で固定する。,水位確認の代わりにする。,燃料を増やす。,1,圧力計の指示異常は過圧判断を誤る原因となる。
474,single,関係法令,附属品・安全弁・圧力計,水面計のガラス管破損時の対応として、適切なものは次のうちどれか。,,,,,,コックを閉じて噴出を止め、安全を確保する。,近づいて素手で押さえる。,燃焼量を最大にする。,給水を止めて放置する。,安全弁を固定する。,1,水面計破損時は蒸気や熱水の噴出を止め、安全を確保する。
475,single,関係法令,定期自主検査・変更届,定期自主検査で煙道を確認する理由として、適切なものは次のうちどれか。,,,,,,すす詰まり、腐食、漏れなどを把握するため。,作業者の年齢を確認するため。,燃料販売店を確認するため。,検査証の紙色を確認するため。,水面計の照明色を確認するため。,1,煙道の異常は燃焼、通風、腐食、安全に関係する。
476,single,関係法令,定期自主検査・変更届,定期自主検査で給水装置を点検する理由として、適切なものは次のうちどれか。,,,,,,給水不能による低水位事故を防ぐため。,燃料の価格を下げるため。,安全弁を不要にするため。,検査証を自動発行するため。,煙突を短くするため。,1,給水装置は水位維持の要であり、異常は重大事故につながる。
477,single,関係法令,法令総合,法令問題で『労働基準監督署長』と『都道府県労働局長』を読む際の注意として、適切なものは次のうちどれか。,,,,,,提出先や権限を混同しない。,どちらも燃料販売店である。,どちらも作業主任者である。,どちらも水面計メーカーである。,どちらも安全弁の形式である。,1,法令では届出先、申請先、検査機関の違いが正誤になる。
478,single,関係法令,法令総合,法令問題で単位を読み違えると起こることとして、適切なものは次のうちどれか。,,,,,,伝熱面積や圧力条件の判断を誤る。,必ず正解に近づく。,燃料性状が変わる。,水位が自動で上がる。,安全弁が不要になる。,1,m2、MPa、kWなどの単位は区分判定に直結する。
479,single,関係法令,法令総合,『除く』という語がある法令問題の基本対応として、適切なものは次のうちどれか。,,,,,,対象外になるものを先に確認する。,除外条件を無視する。,常に全てを対象にする。,選択肢1だけを選ぶ。,問題文を読まない。,1,除外条件は正誤判断に大きく影響するため、先に対象範囲を確定する。
480,single,関係法令,法令総合,『準用する』という表現が出る問題で注意すべきこととして、適切なものは次のうちどれか。,,,,,,他の規定を読み替えて適用する趣旨を確認する。,規定が一切適用されない意味である。,燃料を準備する意味である。,水面計を準備する意味である。,安全弁を外す意味である。,1,準用は別の規定を必要な読み替えで適用することを示す。
481,single,ボイラーの構造に関する知識,熱・蒸気・圧力,蒸気の乾き度が1に近いほど、一般にどのような状態か。,,,,,,水滴の少ない乾いた蒸気である。,水滴を多量に含む。,燃料油を多く含む。,圧力が必ず大気圧である。,水面計内だけの水である。,1,乾き度は湿り蒸気中の蒸気分の割合で、1に近いほど乾いた蒸気である。
482,single,ボイラーの構造に関する知識,熱・蒸気・圧力,同じ圧力で飽和蒸気をさらに加熱したものは次のうちどれか。,,,,,,過熱蒸気。,飽和水。,湿り蒸気。,給水。,復水だけ。,1,飽和温度を超えて加熱された蒸気を過熱蒸気という。
483,single,ボイラーの構造に関する知識,熱・蒸気・圧力,復水に関する記述として、適切なものは次のうちどれか。,,,,,,蒸気が凝縮して水に戻ったものである。,燃料が燃え残った灰である。,煙突内の空気である。,安全弁のばねである。,水処理薬剤の総称である。,1,蒸気が放熱して凝縮すると復水になる。
484,single,ボイラーの構造に関する知識,燃焼室・伝熱面,水冷壁の利点として、適切なものは次のうちどれか。,,,,,,炉壁を冷却しながら放射熱を有効に吸収できる。,燃料の硫黄分をなくす。,水位計を不要にする。,給水ポンプを不要にする。,安全弁を作動不能にする。,1,水冷壁は炉壁保護と放射伝熱面としての役割を持つ。
485,single,ボイラーの構造に関する知識,燃焼室・伝熱面,伝熱面内側にスケールが付着した場合に起こり得ることとして、適切なものは次のうちどれか。,,,,,,金属温度が上がり、過熱損傷の原因となる。,伝熱が必ず良くなる。,燃料が不要になる。,水位が常に安定する。,通風が不要になる。,1,スケールは熱伝導を妨げ、伝熱面の過熱を招く。
486,single,ボイラーの構造に関する知識,燃焼室・伝熱面,対流伝熱に最も関係が深いものは次のうちどれか。,,,,,,燃焼ガスの流れと伝熱面との接触。,安全弁のばね。,水面計の照明。,検査証の有効期間。,燃料タンクの塗色。,1,対流伝熱は流体の流れによって熱が伝わる現象である。
487,single,ボイラーの構造に関する知識,水循環・水管ボイラー,自然循環を良好にする条件として、適切なものは次のうちどれか。,,,,,,上昇管と下降管の密度差を保つ。,水位を常に下げる。,管内にスケールを厚く付ける。,給水を完全に止める。,通風を止める。,1,自然循環は加熱部と非加熱部の密度差で生じる。
488,single,ボイラーの構造に関する知識,水循環・水管ボイラー,蒸気ドラムで行われる働きとして、適切なものは次のうちどれか。,,,,,,蒸気と水の分離。,燃料の霧化。,排ガス分析。,給水の軟化。,煙突の支持。,1,蒸気ドラムは気水分離と水循環の中心となる。
489,single,ボイラーの構造に関する知識,炉筒煙管・貫流・鋳鉄製,煙管ボイラーで煙管内を流れるものとして、一般に適切なものは次のうちどれか。,,,,,,燃焼ガス。,給水だけ。,燃料油だけ。,水処理薬剤だけ。,圧縮空気だけ。,1,煙管には燃焼ガスが通り、管外の水を加熱する。
490,single,ボイラーの構造に関する知識,炉筒煙管・貫流・鋳鉄製,炉筒の波形構造の目的として、適切なものは次のうちどれか。,,,,,,熱膨張への追従性や外圧に対する強度を高める。,燃料を脱硫する。,水位を測定する。,排ガス中の酸素を測定する。,安全弁の吹出し量を減らす。,1,波形炉筒は熱膨張による応力緩和や強度上の利点がある。
491,single,ボイラーの構造に関する知識,給水・節炭器・空気予熱器,給水ポンプの吐出圧力が不足すると起こり得ることとして、適切なものは次のうちどれか。,,,,,,ボイラーへ十分に給水できない。,燃料の発熱量が上がる。,排ガス中酸素が必ずゼロになる。,安全弁が不要になる。,蒸気乾き度が必ず1になる。,1,給水圧力不足は給水不能や低水位につながる。
492,single,ボイラーの構造に関する知識,給水・節炭器・空気予熱器,給水逆止め弁が必要な理由として、適切なものは次のうちどれか。,,,,,,ボイラー水や蒸気の逆流を防ぐため。,燃料を霧化するため。,排ガスを分析するため。,水面計を照明するため。,煙突を支えるため。,1,逆止め弁はボイラー側から給水系統への逆流を防ぐ。
493,single,ボイラーの構造に関する知識,附属品・計測器,安全弁が開いた後に確実に閉じることが必要な理由として、適切なものは次のうちどれか。,,,,,,不要な蒸気漏れと圧力低下を防ぐため。,給水の硬度を上げるため。,燃料を霧化するため。,水面計を不要にするため。,低温腐食を必ず起こすため。,1,安全弁の弁座漏れは蒸気損失と機能不良につながる。
494,single,ボイラーの構造に関する知識,附属品・計測器,水面計に照明を設ける目的として、適切なものは次のうちどれか。,,,,,,水位を確実に読み取るため。,燃料を加熱するため。,圧力を下げるため。,蒸気を乾かすため。,排ガスを冷却するため。,1,水位確認は安全運転の基本であり、見やすさの確保が重要である。
495,single,ボイラーの構造に関する知識,附属品・計測器,圧力計のサイホン管内に水を保つ目的として、適切なものは次のうちどれか。,,,,,,高温蒸気が圧力計へ直接入るのを防ぐため。,燃料をろ過するため。,水質を軟化するため。,通風を増やすため。,安全弁を閉じるため。,1,サイホン管は水封により圧力計を高温蒸気から保護する。
496,single,ボイラーの構造に関する知識,自動制御・燃焼安全装置,燃焼安全装置で点火確認が重要な理由として、適切なものは次のうちどれか。,,,,,,火炎がないまま燃料を供給し続けるのを防ぐため。,水質を硬くするため。,給水を止めるため。,排ガス温度を上げるため。,煙突を短くするため。,1,失火時の燃料供給継続は未燃燃料蓄積を招き危険である。
497,single,ボイラーの構造に関する知識,自動制御・燃焼安全装置,水位制御が不良な場合に最も注意すべき事故は次のうちどれか。,,,,,,低水位による過熱。,燃料価格の上昇。,検査証の汚れ。,煙突の変色。,照明のちらつきだけ。,1,水位制御不良は低水位や高水位を招き、安全運転に直結する。
498,single,ボイラーの構造に関する知識,自動制御・燃焼安全装置,燃焼制御で燃料量だけを増やし空気量が不足した場合に起こり得ることとして、適切なものは次のうちどれか。,,,,,,不完全燃焼。,水質改善。,安全弁増設。,給水軟化。,蒸気圧力の完全安定。,1,燃料と空気の比率が崩れると不完全燃焼になりやすい。
499,single,ボイラーの構造に関する知識,給水・節炭器・空気予熱器,節炭器で給水を加熱しすぎる場合に注意すべきこととして、適切なものは次のうちどれか。,,,,,,沸騰や水撃など運転上の不安定を避ける。,燃料をなくす。,安全弁を固定する。,水面計を閉じる。,通風を止める。,1,節炭器出口での沸騰や水撃は運転障害につながる。
500,single,ボイラーの構造に関する知識,附属品・計測器,蒸気配管にドレン抜きを設ける理由として、適切なものは次のうちどれか。,,,,,,復水を排出しウォータハンマを防ぐため。,燃料を霧化するため。,給水を軟化するため。,圧力計を保護しないため。,煙突を支えるため。,1,蒸気配管中の復水はウォータハンマの原因となる。
501,single,ボイラーの取扱いに関する知識,点火・たき始め,点火前に水位を確認する理由として、適切なものは次のうちどれか。,,,,,,低水位のまま加熱する危険を避けるため。,燃料の硫黄を除くため。,排ガスを分析するため。,煙突を冷やすため。,検査証を更新するため。,1,点火前水位確認は低水位事故防止の基本である。
502,single,ボイラーの取扱いに関する知識,点火・たき始め,点火後に火炎が安定しない場合の対応として、適切なものは次のうちどれか。,,,,,,燃料圧、空気量、バーナ状態を確認する。,安全装置を無効にする。,燃料だけを増やす。,換気を止める。,水位を見ない。,1,火炎不安定は燃料・空気・霧化・通風の異常が原因になり得る。
503,single,ボイラーの取扱いに関する知識,水位・低水位,水面計の水位が動かない場合に疑うこととして、適切なものは次のうちどれか。,,,,,,連絡管やコックの閉塞。,燃料発熱量の増加。,安全弁の増設。,煙突高さの不足だけ。,検査証の汚れだけ。,1,水位変化が見えない場合は閉塞などによる誤表示を疑う。
504,single,ボイラーの取扱いに関する知識,水位・低水位,低水位事故を防ぐ日常管理として、適切なものは次のうちどれか。,,,,,,水面計、給水装置、低水位警報を確認する。,水位を見ない。,給水弁を閉じたままにする。,警報を切る。,燃焼量だけを上げる。,1,低水位防止には水位確認、給水機能、安全装置の維持が必要である。
505,single,ボイラーの取扱いに関する知識,吹出し・水管理,吹出しの前後で水位を確認する理由として、適切なものは次のうちどれか。,,,,,,急激な水位低下を防ぐため。,燃料を加熱するため。,安全弁を閉じるため。,排ガスを脱硫するため。,煙突を洗浄するため。,1,吹出しはボイラー水を排出するため水位低下に注意する。
506,single,ボイラーの取扱いに関する知識,吹出し・水管理,ボイラー水の濃縮管理が不適切な場合に起こり得ることとして、適切なものは次のうちどれか。,,,,,,スケール、泡立ち、キャリオーバ。,燃料の完全脱硫。,安全弁の不要化。,通風の自動停止。,水位確認の不要化。,1,水質濃度の管理不良は各種水側障害につながる。
507,single,ボイラーの取扱いに関する知識,水処理・スケール・腐食,給水中の硬度成分を放置すると起こり得ることとして、適切なものは次のうちどれか。,,,,,,スケール付着。,燃料霧化改善。,排ガス酸素低下。,安全弁の自動調整。,水面計照明の改善。,1,硬度成分は加熱によりスケールとなることがある。
508,single,ボイラーの取扱いに関する知識,水処理・スケール・腐食,腐食を防ぐ水管理として、適切なものは次のうちどれか。,,,,,,溶存酸素やpHを適正に管理する。,酸素を多く溶かす。,pHを全く見ない。,スケールを増やす。,吹出しを永久にしない。,1,腐食防止には脱酸素、pH、濃度管理などが関係する。
509,single,ボイラーの取扱いに関する知識,キャリオーバ・スートブロー,キャリオーバ防止策として、適切なものは次のうちどれか。,,,,,,適正水位と水質濃度を保つ。,常に高水位にする。,吹出しを全く行わない。,燃料だけを増やす。,水面計を閉じる。,1,高水位や濃縮、泡立ちはキャリオーバ原因となる。
510,single,ボイラーの取扱いに関する知識,キャリオーバ・スートブロー,スートブローを行う主目的として、適切なものは次のうちどれか。,,,,,,伝熱面に付着したすすを除去する。,ボイラー水を軟化する。,安全弁を調整する。,検査証を更新する。,燃料を貯蔵する。,1,スートブローは燃焼ガス側のすすを除去し、伝熱を保つ。
511,single,ボイラーの取扱いに関する知識,保存・停止・清掃,停止後の冷却を急ぎすぎることが適切でない理由として、適切なものは次のうちどれか。,,,,,,熱応力による損傷を避けるため。,燃料を増やすため。,水質を悪化させるため。,安全弁を閉じるため。,通風を止めるため。,1,急冷は部材に大きな温度差を生じさせる。
512,single,ボイラーの取扱いに関する知識,保存・停止・清掃,内部清掃でスラッジを除去する理由として、適切なものは次のうちどれか。,,,,,,腐食や伝熱障害を防ぐため。,燃料を霧化するため。,排ガスを分析するため。,安全弁を固定するため。,水面計を隠すため。,1,スラッジ堆積は腐食や過熱障害につながる。
513,single,ボイラーの取扱いに関する知識,燃焼安全装置,異常消火時に直ちに再点火してはならない理由として、適切なものは次のうちどれか。,,,,,,未燃燃料やガスが残っているおそれがあるため。,水位が必ず高いから。,給水硬度が下がるから。,安全弁が増えるから。,検査証が消えるから。,1,失火後は燃料遮断、換気、原因確認が必要である。
514,single,ボイラーの取扱いに関する知識,燃焼安全装置,プレパージ不足の危険として、適切なものは次のうちどれか。,,,,,,炉内の未燃ガス爆発。,給水硬度低下。,水面計照明改善。,安全弁の正常増加。,煙突高さ上昇。,1,プレパージ不足では未燃ガスが残り点火時に危険である。
515,single,ボイラーの取扱いに関する知識,異常時対応,圧力計が異常を示す場合の対応として、適切なものは次のうちどれか。,,,,,,他の状況と照合し、安全側に運転を調整する。,必ず無視する。,指針を固定する。,燃料を最大にする。,水位を見ない。,1,圧力計異常は過圧や誤操作につながるため確認が必要である。
516,single,ボイラーの取扱いに関する知識,異常時対応,給水ポンプから異音がする場合に疑うものとして、適切なものは次のうちどれか。,,,,,,キャビテーションや軸受異常。,燃料の完全燃焼。,検査証更新。,水面計照明。,煙突の塗色。,1,ポンプ異音はキャビテーション、空気かみ、軸受異常などの兆候である。
517,single,ボイラーの取扱いに関する知識,異常時対応,煙道から異常なにおいや煙が出る場合の確認事項として、適切なものは次のうちどれか。,,,,,,燃焼状態、通風、燃料状態。,検査証の紙質。,水面計メーカー。,作業服の色。,ボイラー室の机の数。,1,煙やにおいは燃焼不良や漏れなどの異常兆候になり得る。
518,single,ボイラーの取扱いに関する知識,日常点検,運転中に常時注意すべき主要項目として、適切なものは次のうちどれか。,,,,,,圧力、水位、燃焼状態。,床の模様だけ。,燃料販売店の看板だけ。,検査証の紙色だけ。,照明器具の型番だけ。,1,圧力、水位、燃焼状態は運転監視の基本である。
519,single,ボイラーの取扱いに関する知識,日常点検,排ガス温度の記録が役立つ理由として、適切なものは次のうちどれか。,,,,,,伝熱面汚れや燃焼状態の変化を把握できる。,作業者の人数を決めるため。,検査証を印刷するため。,水位を直接測るため。,安全弁を固定するため。,1,排ガス温度の上昇は伝熱不良や燃焼状態変化のサインになる。
520,single,ボイラーの取扱いに関する知識,日常点検,油ストレーナ差圧の増加が示す可能性として、適切なものは次のうちどれか。,,,,,,ストレーナの詰まり。,水位の上昇だけ。,安全弁の開放だけ。,検査証の更新だけ。,煙突の伸長だけ。,1,ストレーナ詰まりは燃料供給不良につながる。
521,single,燃料及び燃焼に関する知識,燃料性質・発熱量,燃料中の硫黄が燃焼して主に関係するものとして、適切なものは次のうちどれか。,,,,,,SOxと低温腐食。,水位上昇。,安全弁口径。,給水硬度の低下。,検査証更新。,1,硫黄分はSOxや酸露点腐食に関係する。
522,single,燃料及び燃焼に関する知識,燃料性質・発熱量,燃料中の窒素分や高温燃焼に関係する大気汚染物質として、適切なものは次のうちどれか。,,,,,,NOx。,給水硬度。,水面計水位。,安全弁口径。,燃料タンク容量。,1,NOxは燃料中窒素や高温下での空気中窒素の酸化により生じる。
523,single,燃料及び燃焼に関する知識,燃料性質・発熱量,重油の流動点に関する記述として、適切なものは次のうちどれか。,,,,,,燃料油が流動しにくくなる温度に関係する性質である。,水の沸点である。,安全弁の吹出し温度である。,煙突の表面温度である。,排ガス中の酸素濃度である。,1,流動点は燃料の貯蔵・移送時の加熱管理に関係する。
524,single,燃料及び燃焼に関する知識,重油・低温腐食,燃料油を加熱する主目的として、適切なものは次のうちどれか。,,,,,,粘度を下げて移送や霧化を良くする。,水位を高くする。,安全弁を閉じる。,排ガス中の酸素をなくす。,検査証を更新する。,1,重油は粘度が高いため、適切な加熱で取扱いや燃焼を改善する。
525,single,燃料及び燃焼に関する知識,重油・低温腐食,燃料油中の水分がバーナに及ぼす影響として、適切なものは次のうちどれか。,,,,,,火炎不安定や失火の原因となることがある。,完全燃焼を必ず保証する。,NOxを必ずゼロにする。,水位を正確にする。,安全弁を不要にする。,1,燃料油中の水分は噴霧・燃焼を乱す。
526,single,燃料及び燃焼に関する知識,油バーナ,圧力噴霧式バーナで燃料圧力が低すぎる場合に起こり得ることとして、適切なものは次のうちどれか。,,,,,,霧化不良。,水質改善。,安全弁増加。,給水軟化。,検査証更新。,1,圧力噴霧式では燃料圧力が霧化状態に影響する。
527,single,燃料及び燃焼に関する知識,油バーナ,バーナノズルの摩耗が進むと起こり得ることとして、適切なものは次のうちどれか。,,,,,,噴霧量や噴霧角が変化する。,燃料の硫黄分が消える。,給水硬度が下がる。,安全弁が不要になる。,水位が必ず一定になる。,1,ノズル摩耗は燃焼量や霧化状態を変化させる。
528,single,燃料及び燃焼に関する知識,油バーナ,空気量不足時の火炎の傾向として、適切なものは次のうちどれか。,,,,,,暗く長い火炎や黒煙を伴うことがある。,常に無色透明となる。,燃焼状態とは無関係である。,水位が下がるだけである。,安全弁が必ず開く。,1,空気不足では不完全燃焼となり黒煙や長炎を生じやすい。
529,single,燃料及び燃焼に関する知識,気体燃料・燃焼方式,ガス燃料の着火前確認として、適切なものは次のうちどれか。,,,,,,漏えい、圧力、換気、点火装置を確認する。,水位を見ずに点火する。,換気を止める。,安全装置を外す。,燃料弁を開けっぱなしにする。,1,ガス燃料では漏えいと未燃ガス滞留の防止が特に重要である。
530,single,燃料及び燃焼に関する知識,気体燃料・燃焼方式,予混合火炎で逆火が問題となる理由として、適切なものは次のうちどれか。,,,,,,混合気がバーナ内部へ燃え戻るおそれがあるため。,水位が高くなるため。,給水が軟化するため。,安全弁が増えるため。,排ガス温度が必ず0度になるため。,1,予混合燃焼では混合気の流速と火炎速度の関係により逆火が問題となる。
531,single,燃料及び燃焼に関する知識,通風・ファン,通風抵抗が増加する原因として、適切なものは次のうちどれか。,,,,,,煙道や伝熱面へのすす・灰の付着。,給水の軟化。,検査証の更新。,安全弁の封印。,水面計の照明。,1,すすや灰の付着はガス流路を狭め、通風抵抗を増やす。
532,single,燃料及び燃焼に関する知識,通風・ファン,煙突による自然通風が強くなる条件として、一般に適切なものは次のうちどれか。,,,,,,煙突内外の温度差や高さが大きい。,温度差が全くない。,煙突がない。,燃焼ガスが冷え切っている。,給水圧が高いだけ。,1,自然通風力は煙突高さと内外ガス密度差に関係する。
533,single,燃料及び燃焼に関する知識,空気比・NOx・熱損失,過剰空気が多すぎる場合の代表的な損失として、適切なものは次のうちどれか。,,,,,,排ガス熱損失。,給水硬度低下。,安全弁口径増加。,水位上昇。,検査証再発行。,1,過剰空気が多いと加熱されて排出されるガス量が増える。
534,single,燃料及び燃焼に関する知識,空気比・NOx・熱損失,COが多く検出された場合の基本対応として、適切なものは次のうちどれか。,,,,,,空気量、燃料量、混合、通風を確認する。,必ず放置する。,空気をさらに減らすだけにする。,水位計を閉じる。,安全装置を外す。,1,COは不完全燃焼の指標であり燃焼調整が必要である。
535,single,燃料及び燃焼に関する知識,燃焼計算・燃焼管理,完全燃焼時の炭素の主な生成物として、適切なものは次のうちどれか。,,,,,,二酸化炭素。,一酸化炭素だけ。,硫酸。,水素。,窒素だけ。,1,炭素の完全燃焼ではCO2が生じる。
536,single,燃料及び燃焼に関する知識,燃焼計算・燃焼管理,不完全燃焼の防止に有効なものとして、適切なものは次のうちどれか。,,,,,,適正な空気量と良好な混合。,空気をゼロにする。,燃料を塊のまま供給する。,通風を止める。,火炎を確認しない。,1,完全燃焼には空気量、混合、温度、時間が必要である。
537,single,燃料及び燃焼に関する知識,燃焼計算・燃焼管理,燃焼用空気を予熱した場合の効果として、適切なものは次のうちどれか。,,,,,,燃焼温度や効率向上に寄与する。,燃料を不要にする。,水位を測る。,安全弁を閉じる。,給水硬度を下げる。,1,空気予熱は排熱回収と燃焼改善に役立つ。
538,single,燃料及び燃焼に関する知識,燃焼計算・燃焼管理,排ガス中O2が高くCOも高い場合に疑えるものとして、適切なものは次のうちどれか。,,,,,,空気の偏りや混合不良。,完全な理想燃焼だけ。,水質管理の成功だけ。,安全弁の正常作動だけ。,検査証更新だけ。,1,O2があっても混合不良ではCOが残ることがある。
539,single,燃料及び燃焼に関する知識,燃焼計算・燃焼管理,ばいじんを減らすための燃焼管理として、適切なものは次のうちどれか。,,,,,,燃料の霧化、空気量、混合を適正にする。,空気を常にゼロにする。,燃料を水で薄めるだけにする。,通風を止める。,火炎を見ない。,1,ばいじんは燃焼不良や燃料性状に左右される。
540,single,燃料及び燃焼に関する知識,燃料性質・発熱量,高発熱量と低発熱量の差に主に関係するものとして、適切なものは次のうちどれか。,,,,,,生成水蒸気の凝縮潜熱。,水面計の高さ。,安全弁の個数。,煙突の塗色。,給水ポンプの色。,1,低発熱量は水蒸気の凝縮潜熱を含まない。
541,single,関係法令,伝熱面積・ボイラー種別,伝熱面積の判断でまず確認すべきものとして、適切なものは次のうちどれか。,,,,,,ボイラーの種類と伝熱面の部位。,作業者の年齢。,燃料販売店名。,水面計メーカー。,床の色。,1,伝熱面積は種類と部位ごとの規定で判断する。
542,single,関係法令,伝熱面積・ボイラー種別,小型ボイラーと通常のボイラーを混同しないために重要なものとして、適切なものは次のうちどれか。,,,,,,伝熱面積、圧力、用途などの条件。,問題番号。,選択肢の長さ。,燃料販売店の広告。,作業服の色。,1,区分問題では数値条件と対象設備を正確に読む。
543,single,関係法令,設置・ボイラー室,ボイラー室の通路を確保する理由として、適切なものは次のうちどれか。,,,,,,操作、点検、避難を安全に行うため。,燃料を多く置くため。,水面計を隠すため。,安全弁を閉じるため。,換気を悪くするため。,1,通路確保は日常点検と異常時避難に関係する。
544,single,関係法令,設置・ボイラー室,ボイラー室内の燃料漏れを放置してはならない理由として、適切なものは次のうちどれか。,,,,,,火災や爆発のおそれがあるため。,検査証が増えるため。,水位が高くなるため。,安全弁が増設されるため。,伝熱面積が変わるため。,1,燃料漏れは火災・爆発の重大リスクである。
545,single,関係法令,検査・検査証,ボイラー検査証を備え付ける目的として、適切なものは次のうちどれか。,,,,,,使用できるボイラーであることや有効期間を確認できるようにする。,燃料を加熱するため。,水位を測るため。,煙突を支えるため。,安全弁を閉じるため。,1,検査証は使用条件や有効期間の管理に関係する。
546,single,関係法令,検査・検査証,性能検査を受ける目的として、適切なものは次のうちどれか。,,,,,,継続使用に必要な性能を確認するため。,燃料を購入するため。,作業服を決めるため。,水面計の色を決めるため。,煙突を塗るため。,1,性能検査は検査証の有効期間更新と関連する。
547,single,関係法令,検査・検査証,変更検査の対象となりやすいものとして、適切なものは次のうちどれか。,,,,,,胴やドラムなど主要部分の変更。,机の配置変更。,作業者の昼食変更。,床の色変更。,燃料販売店の広告変更。,1,主要構造部分の変更は変更検査の典型論点である。
548,single,関係法令,変更・休止・廃止,廃止届の問題で読み落としやすいものとして、適切なものは次のうちどれか。,,,,,,届出先、期限、検査証の扱い。,作業者の趣味。,燃料販売店の看板。,床の模様。,水面計の色。,1,廃止・休止・再使用は手続と期限の読み取りが重要である。
549,single,関係法令,変更・休止・廃止,休止中の保存状態で注意すべきこととして、適切なものは次のうちどれか。,,,,,,腐食を防ぎ、再使用時の安全を確保する。,雨水を入れる。,安全弁を外して放置する。,検査証を破棄する。,燃料漏れを放置する。,1,休止中も腐食や劣化を防ぐ管理が必要である。
550,single,関係法令,作業主任者・取扱資格,作業主任者の職務でないものとして、適切なものは次のうちどれか。,,,,,,安全装置を無効化して運転する。,水位を監視する。,圧力を監視する。,燃焼状態に注意する。,急激な負荷変動を避ける。,1,作業主任者は安全運転を確保する立場であり、安全装置の無効化は不適切である。
551,single,関係法令,作業主任者・取扱資格,取扱資格の問題で『伝熱面積』が出た場合の注意として、適切なものは次のうちどれか。,,,,,,資格で扱える範囲の判定に関係することがある。,常に無視してよい。,燃料価格だけで代用する。,作業者の年齢だけで決める。,水面計の色で決める。,1,取扱資格はボイラーの種類や規模条件と結び付く。
552,single,関係法令,附属品・安全弁・圧力計,安全弁を針金などで固定してはならない理由として、適切なものは次のうちどれか。,,,,,,過圧時に作動できず危険だから。,燃料を節約しすぎるから。,水位が見えすぎるから。,検査証が汚れるから。,煙突が高くなるから。,1,安全弁の固定は過圧事故につながる。
553,single,関係法令,附属品・安全弁・圧力計,圧力計のコックを閉じたままにすると危険な理由として、適切なものは次のうちどれか。,,,,,,実際の圧力を示さないおそれがあるため。,燃料が霧化しすぎるため。,水質が改善しすぎるため。,煙突が伸びるため。,検査証が更新されるため。,1,圧力計がボイラーと連通していないと圧力判断を誤る。
554,single,関係法令,附属品・安全弁・圧力計,水面計を閉じたまま運転してはならない理由として、適切なものは次のうちどれか。,,,,,,実際の水位を確認できないため。,燃料価格が上がるため。,通風が強くなるため。,検査証が増えるため。,煙突が短くなるため。,1,水面計の連絡が閉じていると水位誤認の危険がある。
555,single,関係法令,定期自主検査・変更届,定期自主検査で燃焼装置を見る理由として、適切なものは次のうちどれか。,,,,,,燃料漏れやバーナ異常を早期に見つけるため。,検査証を印刷するため。,作業者の服装を決めるため。,水面計を隠すため。,煙突の色を決めるため。,1,燃焼装置の異常は火災や不完全燃焼につながる。
556,single,関係法令,定期自主検査・変更届,定期自主検査記録を保存する意義として、適切なものは次のうちどれか。,,,,,,異常履歴や補修状況を後から確認できる。,燃料を増やすため。,水位を隠すため。,安全弁を閉じるため。,煙突を支えるため。,1,検査記録は保全管理と法令遵守に関係する。
557,single,関係法令,法令総合,『以上』を読み違えた場合に起こることとして、適切なものは次のうちどれか。,,,,,,境界値を含むかの判断を誤る。,燃料性状が変わる。,水位が自動で上がる。,安全弁が開く。,検査証が消える。,1,以上はその数値を含む。
558,single,関係法令,法令総合,『未満』を読み違えた場合に起こることとして、適切なものは次のうちどれか。,,,,,,境界値を含まない点を誤る。,燃料が燃えなくなる。,水位が必ず下がる。,安全弁が増える。,煙突がなくなる。,1,未満はその数値を含まない。
559,single,関係法令,法令総合,法令問題で『ただし』以下を読む理由として、適切なものは次のうちどれか。,,,,,,例外条件が正誤を左右することがあるため。,必ず無意味だから。,燃料の種類を示すだけだから。,水位を示すだけだから。,安全弁の色を示すだけだから。,1,ただし書きは例外や条件を示すため必ず確認する。
560,single,関係法令,法令総合,届出問題で間違えやすい点として、適切なものは次のうちどれか。,,,,,,届出先、期限、添付書類の混同。,燃料の発熱量だけ。,床の色だけ。,水面計の照明だけ。,煙突の方角だけ。,1,法令の手続問題では相手先、期限、書類の読み分けが重要である。
